timestamp,module,line,level,message
2025-12-03 22:35:22,logger,34,WARNING,No tags detected
2025-12-03 22:35:22,logger,34,WARNING,No tags detected
2025-12-03 22:35:22,logger,34,WARNING,No tags detected
2025-12-03 22:35:22,logger,34,WARNING,No tags detected
2025-12-03 22:35:22,logger,34,WARNING,No tags detected
2025-12-03 22:35:22,logger,34,WARNING,No tags detected
2025-12-03 22:35:22,logger,34,WARNING,No tags detected
2025-12-03 22:35:22,logger,34,WARNING,No tags detected
2025-12-03 22:35:22,logger,34,WARNING,No tags detected
2025-12-03 22:35:22,logger,34,WARNING,No tags detected
2025-12-03 22:35:22,logger,34,WARNING,No tags detected
2025-12-03 22:35:22,logger,34,WARNING,No tags detected
2025-12-03 22:35:22,logger,34,WARNING,No tags detected
2025-12-03 22:35:22,logger,34,WARNING,No tags detected
2025-12-03 22:35:22,logger,34,WARNING,No tags detected
2025-12-03 22:35:22,logger,34,WARNING,No tags detected
2025-12-03 22:35:22,logger,34,WARNING,No tags detected
2025-12-03 22:35:22,logger,34,WARNING,No tags detected
2025-12-03 22:35:22,logger,34,WARNING,No tags detected
2025-12-03 22:35:22,logger,34,WARNING,No tags detected
2025-12-03 22:35:22,logger,34,WARNING,No tags detected
2025-12-03 22:35:22,logger,34,WARNING,No tags detected
2025-12-03 22:35:22,logger,34,WARNING,No tags detected
2025-12-03 22:35:22,logger,34,WARNING,No tags detected
2025-12-03 22:35:22,logger,34,WARNING,No tags detected
2025-12-03 22:35:23,logger,34,WARNING,No tags detected
2025-12-03 22:35:23,logger,34,WARNING,No tags detected
2025-12-03 22:35:23,logger,34,WARNING,No tags detected
2025-12-03 22:35:23,logger,34,WARNING,No tags detected
2025-12-03 22:35:23,logger,34,WARNING,No tags detected
2025-12-03 22:35:23,logger,34,WARNING,No tags detected
2025-12-03 22:35:23,logger,34,WARNING,No tags detected
2025-12-03 22:35:23,logger,34,WARNING,No tags detected
2025-12-03 22:35:23,logger,34,WARNING,No tags detected
2025-12-03 22:35:23,logger,34,WARNING,No tags detected
2025-12-03 22:35:23,logger,34,WARNING,No tags detected
2025-12-03 22:35:23,logger,34,WARNING,No tags detected
2025-12-03 22:35:23,logger,34,WARNING,No tags detected
2025-12-03 22:35:23,logger,34,WARNING,No tags detected
2025-12-03 22:35:23,logger,34,WARNING,No tags detected
2025-12-03 22:35:23,logger,34,WARNING,No tags detected
2025-12-03 22:35:23,logger,34,WARNING,No tags detected
2025-12-03 22:35:23,logger,34,WARNING,No tags detected
2025-12-03 22:35:23,logger,34,WARNING,No tags detected
2025-12-03 22:35:23,logger,34,WARNING,No tags detected
2025-12-03 22:35:23,logger,34,WARNING,No tags detected
2025-12-03 22:35:23,logger,34,WARNING,No tags detected
2025-12-03 22:35:23,logger,34,WARNING,No tags detected
2025-12-03 22:35:23,logger,34,WARNING,No tags detected
2025-12-03 22:35:23,logger,34,WARNING,No tags detected
2025-12-03 22:35:23,logger,34,WARNING,No tags detected
2025-12-03 22:35:23,logger,34,WARNING,No tags detected
2025-12-03 22:35:23,logger,34,WARNING,No tags detected
2025-12-03 22:35:23,logger,34,WARNING,No tags detected
2025-12-03 22:35:23,logger,34,WARNING,No tags detected
2025-12-03 22:35:24,logger,34,WARNING,No tags detected
2025-12-03 22:35:24,logger,34,WARNING,No tags detected
2025-12-03 22:35:24,logger,34,WARNING,No tags detected
2025-12-03 22:35:24,logger,34,WARNING,No tags detected
2025-12-03 22:35:24,logger,34,WARNING,No tags detected
2025-12-03 22:35:24,logger,34,WARNING,No tags detected
2025-12-03 22:35:24,logger,34,WARNING,No tags detected
2025-12-03 22:35:24,logger,34,WARNING,No tags detected
2025-12-03 22:35:24,logger,34,WARNING,No tags detected
2025-12-03 22:35:24,logger,34,WARNING,No tags detected
2025-12-03 22:35:24,logger,34,WARNING,No tags detected
2025-12-03 22:35:24,logger,34,WARNING,No tags detected
2025-12-03 22:35:24,logger,34,WARNING,No tags detected
2025-12-03 22:35:24,logger,34,WARNING,No tags detected
2025-12-03 22:35:24,logger,34,WARNING,No tags detected
2025-12-03 22:35:24,logger,34,WARNING,No tags detected
2025-12-03 22:35:24,logger,34,WARNING,No tags detected
2025-12-03 22:35:24,logger,34,WARNING,No tags detected
2025-12-03 22:35:24,logger,34,WARNING,No tags detected
2025-12-03 22:35:24,logger,34,WARNING,No tags detected
2025-12-03 22:35:24,logger,34,WARNING,No tags detected
2025-12-03 22:35:24,logger,34,WARNING,No tags detected
2025-12-03 22:35:24,logger,34,WARNING,No tags detected
2025-12-03 22:35:24,logger,34,WARNING,No tags detected
2025-12-03 22:35:24,logger,34,WARNING,No tags detected
2025-12-03 22:35:24,logger,34,WARNING,No tags detected
2025-12-03 22:35:24,logger,34,WARNING,No tags detected
2025-12-03 22:35:24,logger,34,WARNING,No tags detected
2025-12-03 22:35:24,logger,34,WARNING,No tags detected
2025-12-03 22:35:24,logger,34,WARNING,No tags detected
2025-12-03 22:35:25,logger,34,WARNING,No tags detected
2025-12-03 22:35:25,logger,34,WARNING,No tags detected
2025-12-03 22:35:25,logger,34,WARNING,No tags detected
2025-12-03 22:35:25,logger,34,WARNING,No tags detected
2025-12-03 22:35:25,logger,34,WARNING,No tags detected
2025-12-03 22:35:25,logger,34,WARNING,No tags detected
2025-12-03 22:35:25,logger,34,WARNING,No tags detected
2025-12-03 22:35:25,logger,34,WARNING,No tags detected
2025-12-03 22:35:25,logger,34,WARNING,No tags detected
2025-12-03 22:35:25,logger,34,WARNING,No tags detected
2025-12-03 22:35:25,logger,34,WARNING,No tags detected
2025-12-03 22:35:25,logger,34,WARNING,No tags detected
2025-12-03 22:35:25,logger,34,WARNING,No tags detected
2025-12-03 22:35:25,logger,34,WARNING,No tags detected
2025-12-03 22:35:25,logger,34,WARNING,No tags detected
2025-12-03 22:35:25,logger,34,WARNING,No tags detected
2025-12-03 22:35:25,logger,34,WARNING,No tags detected
2025-12-03 22:35:25,logger,34,WARNING,No tags detected
2025-12-03 22:35:25,logger,34,WARNING,No tags detected
2025-12-03 22:35:25,logger,34,WARNING,No tags detected
2025-12-03 22:35:25,logger,34,WARNING,No tags detected
2025-12-03 22:35:25,logger,34,WARNING,No tags detected
2025-12-03 22:35:25,logger,34,WARNING,No tags detected
2025-12-03 22:35:25,logger,34,WARNING,No tags detected
2025-12-03 22:35:25,logger,34,WARNING,No tags detected
2025-12-03 22:35:25,logger,34,WARNING,No tags detected
2025-12-03 22:35:25,logger,34,WARNING,No tags detected
2025-12-03 22:35:25,logger,34,WARNING,No tags detected
2025-12-03 22:35:25,logger,34,WARNING,No tags detected
2025-12-03 22:35:25,logger,34,WARNING,No tags detected
2025-12-03 22:35:26,logger,34,WARNING,No tags detected
2025-12-03 22:35:26,logger,34,WARNING,No tags detected
2025-12-03 22:35:26,logger,34,WARNING,No tags detected
2025-12-03 22:35:26,logger,34,WARNING,No tags detected
2025-12-03 22:35:26,logger,34,WARNING,No tags detected
2025-12-03 22:35:26,logger,34,WARNING,No tags detected
2025-12-03 22:35:26,logger,34,WARNING,No tags detected
2025-12-03 22:35:26,logger,34,WARNING,No tags detected
2025-12-03 22:35:26,logger,34,WARNING,No tags detected
2025-12-03 22:35:26,logger,34,WARNING,No tags detected
2025-12-03 22:35:26,logger,34,WARNING,No tags detected
2025-12-03 22:35:26,logger,34,WARNING,No tags detected
2025-12-03 22:35:26,logger,34,WARNING,No tags detected
2025-12-03 22:35:26,logger,34,WARNING,No tags detected
2025-12-03 22:35:26,logger,34,WARNING,No tags detected
2025-12-03 22:35:26,logger,34,WARNING,No tags detected
2025-12-03 22:35:26,logger,34,WARNING,No tags detected
2025-12-03 22:35:26,logger,34,WARNING,No tags detected
2025-12-03 22:35:26,logger,34,WARNING,No tags detected
2025-12-03 22:35:26,logger,34,WARNING,No tags detected
2025-12-03 22:35:26,logger,34,WARNING,No tags detected
2025-12-03 22:35:26,logger,34,WARNING,No tags detected
2025-12-03 22:35:26,logger,34,WARNING,No tags detected
2025-12-03 22:35:26,logger,34,WARNING,No tags detected
2025-12-03 22:35:26,logger,34,WARNING,No tags detected
2025-12-03 22:35:26,logger,34,WARNING,No tags detected
2025-12-03 22:35:26,logger,34,WARNING,No tags detected
2025-12-03 22:35:26,logger,34,WARNING,No tags detected
2025-12-03 22:35:26,logger,34,WARNING,No tags detected
2025-12-03 22:35:26,logger,34,WARNING,No tags detected
2025-12-03 22:35:26,logger,34,WARNING,No tags detected
2025-12-03 22:35:27,logger,34,WARNING,No tags detected
2025-12-03 22:35:27,logger,34,WARNING,No tags detected
2025-12-03 22:35:27,logger,34,WARNING,No tags detected
2025-12-03 22:35:27,logger,34,WARNING,No tags detected
2025-12-03 22:35:27,logger,34,WARNING,No tags detected
2025-12-03 22:35:27,logger,34,WARNING,No tags detected
2025-12-03 22:35:27,logger,34,WARNING,No tags detected
2025-12-03 22:35:27,logger,34,WARNING,No tags detected
2025-12-03 22:35:27,logger,34,WARNING,No tags detected
2025-12-03 22:35:27,logger,34,WARNING,No tags detected
2025-12-03 22:35:27,logger,34,WARNING,No tags detected
2025-12-03 22:35:27,logger,34,WARNING,No tags detected
2025-12-03 22:35:27,logger,31,INFO,Detected tags: 1 -> X: 0.080, Y: 0.113, Z: 6.347
2025-12-03 22:35:27,logger,31,INFO,Detected tags: 1 -> X: 0.080, Y: 0.113, Z: 6.347
2025-12-03 22:35:27,logger,31,INFO,Detected tags: 3 -> X: 0.093, Y: 0.125, Z: 6.872
2025-12-03 22:35:27,logger,31,INFO,Detected tags: 3 -> X: 0.093, Y: 0.125, Z: 6.872
2025-12-03 22:35:27,logger,31,INFO,Detected tags: 3 -> X: 0.098, Y: 0.125, Z: 7.041
2025-12-03 22:35:27,logger,31,INFO,Detected tags: 3 -> X: 0.098, Y: 0.125, Z: 7.041
2025-12-03 22:35:27,logger,31,INFO,Detected tags: 3 -> X: 0.098, Y: 0.127, Z: 7.076
2025-12-03 22:35:27,logger,31,INFO,Detected tags: 3 -> X: 0.098, Y: 0.127, Z: 7.076
2025-12-03 22:35:27,logger,31,INFO,Detected tags: 4 -> X: 0.106, Y: 0.143, Z: 7.466
2025-12-03 22:35:27,logger,31,INFO,Detected tags: 4 -> X: 0.106, Y: 0.143, Z: 7.466
2025-12-03 22:35:27,logger,31,INFO,Detected tags: 4 -> X: 0.108, Y: 0.137, Z: 7.412
2025-12-03 22:35:27,logger,31,INFO,Detected tags: 4 -> X: 0.108, Y: 0.137, Z: 7.412
2025-12-03 22:35:27,logger,31,INFO,Detected tags: 4 -> X: 0.106, Y: 0.133, Z: 7.344
2025-12-03 22:35:27,logger,31,INFO,Detected tags: 4 -> X: 0.106, Y: 0.133, Z: 7.344
2025-12-03 22:35:27,logger,31,INFO,Detected tags: 4 -> X: 0.106, Y: 0.134, Z: 7.358
2025-12-03 22:35:27,logger,31,INFO,Detected tags: 4 -> X: 0.106, Y: 0.134, Z: 7.358
2025-12-03 22:35:27,logger,31,INFO,Detected tags: 4 -> X: 0.103, Y: 0.133, Z: 7.311
2025-12-03 22:35:27,logger,31,INFO,Detected tags: 4 -> X: 0.103, Y: 0.133, Z: 7.311
2025-12-03 22:35:28,logger,31,INFO,Detected tags: 4 -> X: 0.101, Y: 0.132, Z: 7.315
2025-12-03 22:35:28,logger,31,INFO,Detected tags: 4 -> X: 0.101, Y: 0.132, Z: 7.315
2025-12-03 22:35:28,logger,31,INFO,Detected tags: 4 -> X: 0.102, Y: 0.134, Z: 7.312
2025-12-03 22:35:28,logger,31,INFO,Detected tags: 4 -> X: 0.102, Y: 0.134, Z: 7.312
2025-12-03 22:35:28,logger,31,INFO,Detected tags: 4 -> X: 0.106, Y: 0.137, Z: 7.337
2025-12-03 22:35:28,logger,31,INFO,Detected tags: 4 -> X: 0.106, Y: 0.137, Z: 7.337
2025-12-03 22:35:28,logger,31,INFO,Detected tags: 4 -> X: 0.105, Y: 0.136, Z: 7.300
2025-12-03 22:35:28,logger,31,INFO,Detected tags: 4 -> X: 0.105, Y: 0.136, Z: 7.300
2025-12-03 22:35:28,logger,31,INFO,Detected tags: 4 -> X: 0.105, Y: 0.136, Z: 7.267
2025-12-03 22:35:28,logger,31,INFO,Detected tags: 4 -> X: 0.105, Y: 0.136, Z: 7.267
2025-12-03 22:35:28,logger,31,INFO,Detected tags: 4 -> X: 0.107, Y: 0.138, Z: 7.267
2025-12-03 22:35:28,logger,31,INFO,Detected tags: 4 -> X: 0.107, Y: 0.138, Z: 7.267
2025-12-03 22:35:28,logger,31,INFO,Detected tags: 4 -> X: 0.107, Y: 0.139, Z: 7.325
2025-12-03 22:35:28,logger,31,INFO,Detected tags: 4 -> X: 0.107, Y: 0.139, Z: 7.325
2025-12-03 22:35:28,logger,31,INFO,Detected tags: 4 -> X: 0.106, Y: 0.139, Z: 7.352
2025-12-03 22:35:28,logger,31,INFO,Detected tags: 4 -> X: 0.106, Y: 0.139, Z: 7.352
2025-12-03 22:35:28,logger,31,INFO,Detected tags: 4 -> X: 0.108, Y: 0.139, Z: 7.346
2025-12-03 22:35:28,logger,31,INFO,Detected tags: 4 -> X: 0.108, Y: 0.139, Z: 7.346
2025-12-03 22:35:28,logger,31,INFO,Detected tags: 4 -> X: 0.107, Y: 0.139, Z: 7.356
2025-12-03 22:35:28,logger,31,INFO,Detected tags: 4 -> X: 0.107, Y: 0.139, Z: 7.356
2025-12-03 22:35:28,logger,31,INFO,Detected tags: 4 -> X: 0.107, Y: 0.138, Z: 7.375
2025-12-03 22:35:28,logger,31,INFO,Detected tags: 4 -> X: 0.107, Y: 0.138, Z: 7.375
2025-12-03 22:35:28,logger,31,INFO,Detected tags: 4 -> X: 0.106, Y: 0.136, Z: 7.327
2025-12-03 22:35:28,logger,31,INFO,Detected tags: 4 -> X: 0.106, Y: 0.136, Z: 7.327
2025-12-03 22:35:28,logger,31,INFO,Detected tags: 4 -> X: 0.102, Y: 0.138, Z: 7.384
2025-12-03 22:35:28,logger,31,INFO,Detected tags: 4 -> X: 0.102, Y: 0.138, Z: 7.384
2025-12-03 22:35:28,logger,31,INFO,Detected tags: 4 -> X: 0.101, Y: 0.135, Z: 7.272
2025-12-03 22:35:28,logger,31,INFO,Detected tags: 4 -> X: 0.101, Y: 0.135, Z: 7.272
2025-12-03 22:35:28,logger,31,INFO,Detected tags: 4 -> X: 0.096, Y: 0.140, Z: 7.377
2025-12-03 22:35:29,logger,31,INFO,Detected tags: 4 -> X: 0.096, Y: 0.140, Z: 7.377
2025-12-03 22:35:29,logger,31,INFO,Detected tags: 4 -> X: 0.099, Y: 0.138, Z: 7.300
2025-12-03 22:35:29,logger,31,INFO,Detected tags: 4 -> X: 0.099, Y: 0.138, Z: 7.300
2025-12-03 22:35:29,logger,31,INFO,Detected tags: 4 -> X: 0.101, Y: 0.137, Z: 7.301
2025-12-03 22:35:29,logger,31,INFO,Detected tags: 4 -> X: 0.101, Y: 0.137, Z: 7.301
2025-12-03 22:35:29,logger,31,INFO,Detected tags: 4 -> X: 0.103, Y: 0.137, Z: 7.249
2025-12-03 22:35:29,logger,31,INFO,Detected tags: 4 -> X: 0.103, Y: 0.137, Z: 7.249
2025-12-03 22:35:29,logger,31,INFO,Detected tags: 4 -> X: 0.102, Y: 0.138, Z: 7.319
2025-12-03 22:35:29,logger,31,INFO,Detected tags: 4 -> X: 0.102, Y: 0.138, Z: 7.319
2025-12-03 22:35:29,logger,31,INFO,Detected tags: 4 -> X: 0.104, Y: 0.138, Z: 7.287
2025-12-03 22:35:29,logger,31,INFO,Detected tags: 4 -> X: 0.104, Y: 0.138, Z: 7.287
2025-12-03 22:35:29,logger,31,INFO,Detected tags: 4 -> X: 0.104, Y: 0.140, Z: 7.337
2025-12-03 22:35:29,logger,31,INFO,Detected tags: 4 -> X: 0.104, Y: 0.140, Z: 7.337
2025-12-03 22:35:29,logger,31,INFO,Detected tags: 4 -> X: 0.105, Y: 0.141, Z: 7.309
2025-12-03 22:35:29,logger,31,INFO,Detected tags: 4 -> X: 0.105, Y: 0.141, Z: 7.309
2025-12-03 22:35:29,logger,31,INFO,Detected tags: 4 -> X: 0.107, Y: 0.141, Z: 7.351
2025-12-03 22:35:29,logger,31,INFO,Detected tags: 4 -> X: 0.107, Y: 0.141, Z: 7.351
2025-12-03 22:35:29,logger,31,INFO,Detected tags: 4 -> X: 0.112, Y: 0.143, Z: 7.384
2025-12-03 22:35:29,logger,31,INFO,Detected tags: 4 -> X: 0.112, Y: 0.143, Z: 7.384
2025-12-03 22:35:29,logger,31,INFO,Detected tags: 4 -> X: 0.112, Y: 0.143, Z: 7.384
2025-12-03 22:35:29,logger,31,INFO,Detected tags: 4 -> X: 0.118, Y: 0.145, Z: 7.518
2025-12-03 22:35:29,logger,31,INFO,Detected tags: 4 -> X: 0.118, Y: 0.147, Z: 7.520
2025-12-03 22:35:29,logger,31,INFO,Detected tags: 4 -> X: 0.118, Y: 0.147, Z: 7.520
2025-12-03 22:35:29,logger,31,INFO,Detected tags: 4 -> X: 0.116, Y: 0.143, Z: 7.334
2025-12-03 22:35:29,logger,31,INFO,Detected tags: 4 -> X: 0.116, Y: 0.143, Z: 7.334
2025-12-03 22:35:29,logger,31,INFO,Detected tags: 4 -> X: 0.117, Y: 0.146, Z: 7.404
2025-12-03 22:35:29,logger,31,INFO,Detected tags: 4 -> X: 0.117, Y: 0.146, Z: 7.404
2025-12-03 22:35:29,logger,31,INFO,Detected tags: 4 -> X: 0.116, Y: 0.142, Z: 7.337
2025-12-03 22:35:29,logger,31,INFO,Detected tags: 4 -> X: 0.116, Y: 0.142, Z: 7.337
2025-12-03 22:35:29,logger,31,INFO,Detected tags: 4 -> X: 0.116, Y: 0.142, Z: 7.337
2025-12-03 22:35:29,logger,31,INFO,Detected tags: 4 -> X: 0.116, Y: 0.141, Z: 7.296
2025-12-03 22:35:30,logger,31,INFO,Detected tags: 4 -> X: 0.116, Y: 0.141, Z: 7.296
2025-12-03 22:35:30,logger,31,INFO,Detected tags: 4 -> X: 0.117, Y: 0.145, Z: 7.367
2025-12-03 22:35:30,logger,31,INFO,Detected tags: 4 -> X: 0.118, Y: 0.145, Z: 7.374
2025-12-03 22:35:30,logger,31,INFO,Detected tags: 4 -> X: 0.118, Y: 0.145, Z: 7.374
2025-12-03 22:35:30,logger,31,INFO,Detected tags: 4 -> X: 0.117, Y: 0.146, Z: 7.378
2025-12-03 22:35:30,logger,31,INFO,Detected tags: 4 -> X: 0.117, Y: 0.146, Z: 7.378
2025-12-03 22:35:30,logger,31,INFO,Detected tags: 4 -> X: 0.118, Y: 0.145, Z: 7.338
2025-12-03 22:35:30,logger,31,INFO,Detected tags: 4 -> X: 0.118, Y: 0.145, Z: 7.338
2025-12-03 22:35:30,logger,31,INFO,Detected tags: 4 -> X: 0.118, Y: 0.145, Z: 7.338
2025-12-03 22:35:30,logger,31,INFO,Detected tags: 4 -> X: 0.119, Y: 0.146, Z: 7.390
2025-12-03 22:35:30,logger,31,INFO,Detected tags: 4 -> X: 0.119, Y: 0.146, Z: 7.390
2025-12-03 22:35:30,logger,31,INFO,Detected tags: 4 -> X: 0.116, Y: 0.147, Z: 7.419
2025-12-03 22:35:30,logger,31,INFO,Detected tags: 4 -> X: 0.116, Y: 0.147, Z: 7.419
2025-12-03 22:35:30,logger,31,INFO,Detected tags: 4 -> X: 0.116, Y: 0.146, Z: 7.396
2025-12-03 22:35:30,logger,31,INFO,Detected tags: 4 -> X: 0.117, Y: 0.147, Z: 7.388
2025-12-03 22:35:30,logger,31,INFO,Detected tags: 4 -> X: 0.117, Y: 0.147, Z: 7.388
2025-12-03 22:35:30,logger,31,INFO,Detected tags: 4 -> X: 0.117, Y: 0.147, Z: 7.388
2025-12-03 22:35:30,logger,31,INFO,Detected tags: 4 -> X: 0.118, Y: 0.146, Z: 7.348
2025-12-03 22:35:30,logger,31,INFO,Detected tags: 4 -> X: 0.118, Y: 0.146, Z: 7.348
2025-12-03 22:35:30,logger,31,INFO,Detected tags: 4 -> X: 0.120, Y: 0.147, Z: 7.374
2025-12-03 22:35:30,logger,31,INFO,Detected tags: 4 -> X: 0.120, Y: 0.147, Z: 7.374
2025-12-03 22:35:30,logger,31,INFO,Detected tags: 4 -> X: 0.119, Y: 0.150, Z: 7.502
2025-12-03 22:35:30,logger,31,INFO,Detected tags: 4 -> X: 0.119, Y: 0.150, Z: 7.502
2025-12-03 22:35:30,logger,31,INFO,Detected tags: 4 -> X: 0.127, Y: 0.147, Z: 7.552
2025-12-03 22:35:30,logger,31,INFO,Detected tags: 4 -> X: 0.127, Y: 0.147, Z: 7.552
2025-12-03 22:35:30,logger,31,INFO,Detected tags: 4 -> X: 0.130, Y: 0.148, Z: 7.535
2025-12-03 22:35:30,logger,31,INFO,Detected tags: 4 -> X: 0.130, Y: 0.148, Z: 7.535
2025-12-03 22:35:30,logger,31,INFO,Detected tags: 4 -> X: 0.134, Y: 0.144, Z: 7.448
2025-12-03 22:35:30,logger,31,INFO,Detected tags: 4 -> X: 0.134, Y: 0.144, Z: 7.448
2025-12-03 22:35:31,logger,31,INFO,Detected tags: 4 -> X: 0.137, Y: 0.141, Z: 7.473
2025-12-03 22:35:31,logger,31,INFO,Detected tags: 4 -> X: 0.137, Y: 0.141, Z: 7.473
2025-12-03 22:35:31,logger,31,INFO,Detected tags: 4 -> X: 0.133, Y: 0.133, Z: 7.257
2025-12-03 22:35:31,logger,31,INFO,Detected tags: 4 -> X: 0.133, Y: 0.133, Z: 7.257
2025-12-03 22:35:31,logger,31,INFO,Detected tags: 4 -> X: 0.135, Y: 0.130, Z: 7.216
2025-12-03 22:35:31,logger,31,INFO,Detected tags: 4 -> X: 0.135, Y: 0.130, Z: 7.216
2025-12-03 22:35:31,logger,31,INFO,Detected tags: 4 -> X: 0.136, Y: 0.127, Z: 7.169
2025-12-03 22:35:31,logger,31,INFO,Detected tags: 4 -> X: 0.136, Y: 0.127, Z: 7.169
2025-12-03 22:35:31,logger,31,INFO,Detected tags: 4 -> X: 0.136, Y: 0.126, Z: 7.149
2025-12-03 22:35:31,logger,31,INFO,Detected tags: 4 -> X: 0.136, Y: 0.126, Z: 7.149
2025-12-03 22:35:31,logger,31,INFO,Detected tags: 4 -> X: 0.140, Y: 0.118, Z: 7.029
2025-12-03 22:35:31,logger,31,INFO,Detected tags: 4 -> X: 0.140, Y: 0.118, Z: 7.029
2025-12-03 22:35:31,logger,31,INFO,Detected tags: 4 -> X: 0.145, Y: 0.107, Z: 6.794
2025-12-03 22:35:31,logger,31,INFO,Detected tags: 4 -> X: 0.145, Y: 0.107, Z: 6.794
2025-12-03 22:35:31,logger,31,INFO,Detected tags: 4 -> X: 0.149, Y: 0.105, Z: 6.742
2025-12-03 22:35:31,logger,31,INFO,Detected tags: 4 -> X: 0.149, Y: 0.105, Z: 6.742
2025-12-03 22:35:31,logger,31,INFO,Detected tags: 4 -> X: 0.148, Y: 0.108, Z: 6.745
2025-12-03 22:35:31,logger,31,INFO,Detected tags: 4 -> X: 0.148, Y: 0.108, Z: 6.745
2025-12-03 22:35:31,logger,31,INFO,Detected tags: 4 -> X: 0.149, Y: 0.113, Z: 6.775
2025-12-03 22:35:31,logger,31,INFO,Detected tags: 4 -> X: 0.149, Y: 0.113, Z: 6.775
2025-12-03 22:35:31,logger,31,INFO,Detected tags: 4 -> X: 0.155, Y: 0.122, Z: 7.025
2025-12-03 22:35:31,logger,31,INFO,Detected tags: 4 -> X: 0.155, Y: 0.122, Z: 7.025
2025-12-03 22:35:31,logger,31,INFO,Detected tags: 4 -> X: 0.148, Y: 0.117, Z: 6.738
2025-12-03 22:35:31,logger,31,INFO,Detected tags: 4 -> X: 0.148, Y: 0.117, Z: 6.738
2025-12-03 22:35:31,logger,31,INFO,Detected tags: 4 -> X: 0.150, Y: 0.115, Z: 6.571
2025-12-03 22:35:31,logger,31,INFO,Detected tags: 4 -> X: 0.150, Y: 0.115, Z: 6.571
2025-12-03 22:35:31,logger,31,INFO,Detected tags: 4 -> X: 0.148, Y: 0.117, Z: 6.609
2025-12-03 22:35:31,logger,31,INFO,Detected tags: 4 -> X: 0.148, Y: 0.117, Z: 6.609
2025-12-03 22:35:31,logger,31,INFO,Detected tags: 4 -> X: 0.149, Y: 0.119, Z: 6.634
2025-12-03 22:35:31,logger,31,INFO,Detected tags: 4 -> X: 0.149, Y: 0.119, Z: 6.634
2025-12-03 22:35:32,logger,31,INFO,Detected tags: 4 -> X: 0.147, Y: 0.127, Z: 6.739
2025-12-03 22:35:32,logger,31,INFO,Detected tags: 4 -> X: 0.147, Y: 0.127, Z: 6.739
2025-12-03 22:35:32,logger,31,INFO,Detected tags: 4 -> X: 0.147, Y: 0.128, Z: 6.790
2025-12-03 22:35:32,logger,31,INFO,Detected tags: 4 -> X: 0.147, Y: 0.128, Z: 6.790
2025-12-03 22:35:32,logger,31,INFO,Detected tags: 4 -> X: 0.146, Y: 0.130, Z: 6.762
2025-12-03 22:35:32,logger,31,INFO,Detected tags: 4 -> X: 0.146, Y: 0.130, Z: 6.762
2025-12-03 22:35:32,logger,31,INFO,Detected tags: 4 -> X: 0.145, Y: 0.129, Z: 6.738
2025-12-03 22:35:32,logger,31,INFO,Detected tags: 4 -> X: 0.145, Y: 0.129, Z: 6.738
2025-12-03 22:35:32,logger,31,INFO,Detected tags: 4 -> X: 0.149, Y: 0.138, Z: 6.907
2025-12-03 22:35:32,logger,31,INFO,Detected tags: 4 -> X: 0.149, Y: 0.138, Z: 6.907
2025-12-03 22:35:32,logger,31,INFO,Detected tags: 4 -> X: 0.148, Y: 0.138, Z: 6.856
2025-12-03 22:35:32,logger,31,INFO,Detected tags: 4 -> X: 0.148, Y: 0.138, Z: 6.856
2025-12-03 22:35:32,logger,31,INFO,Detected tags: 4 -> X: 0.148, Y: 0.138, Z: 6.862
2025-12-03 22:35:32,logger,31,INFO,Detected tags: 4 -> X: 0.148, Y: 0.138, Z: 6.862
2025-12-03 22:35:32,logger,31,INFO,Detected tags: 4 -> X: 0.148, Y: 0.138, Z: 6.901
2025-12-03 22:35:32,logger,31,INFO,Detected tags: 4 -> X: 0.148, Y: 0.138, Z: 6.901
2025-12-03 22:35:32,logger,31,INFO,Detected tags: 4 -> X: 0.150, Y: 0.140, Z: 6.941
2025-12-03 22:35:32,logger,31,INFO,Detected tags: 4 -> X: 0.150, Y: 0.140, Z: 6.941
2025-12-03 22:35:32,logger,31,INFO,Detected tags: 4 -> X: 0.150, Y: 0.138, Z: 6.936
2025-12-03 22:35:32,logger,31,INFO,Detected tags: 4 -> X: 0.150, Y: 0.138, Z: 6.936
2025-12-03 22:35:32,logger,31,INFO,Detected tags: 4 -> X: 0.150, Y: 0.135, Z: 6.891
2025-12-03 22:35:32,logger,31,INFO,Detected tags: 4 -> X: 0.150, Y: 0.135, Z: 6.891
2025-12-03 22:35:32,logger,31,INFO,Detected tags: 4 -> X: 0.149, Y: 0.131, Z: 6.901
2025-12-03 22:35:32,logger,31,INFO,Detected tags: 4 -> X: 0.149, Y: 0.131, Z: 6.901
2025-12-03 22:35:32,logger,31,INFO,Detected tags: 4 -> X: 0.147, Y: 0.132, Z: 6.904
2025-12-03 22:35:32,logger,31,INFO,Detected tags: 4 -> X: 0.147, Y: 0.132, Z: 6.904
2025-12-03 22:35:32,logger,31,INFO,Detected tags: 4 -> X: 0.147, Y: 0.132, Z: 6.904
2025-12-03 22:35:32,logger,31,INFO,Detected tags: 4 -> X: 0.147, Y: 0.136, Z: 6.964
2025-12-03 22:35:32,logger,31,INFO,Detected tags: 4 -> X: 0.144, Y: 0.139, Z: 6.899
2025-12-03 22:35:32,logger,31,INFO,Detected tags: 4 -> X: 0.144, Y: 0.139, Z: 6.899
2025-12-03 22:35:33,logger,31,INFO,Detected tags: 4 -> X: 0.145, Y: 0.140, Z: 6.964
2025-12-03 22:35:33,logger,31,INFO,Detected tags: 4 -> X: 0.145, Y: 0.140, Z: 6.964
2025-12-03 22:35:33,logger,31,INFO,Detected tags: 4 -> X: 0.141, Y: 0.140, Z: 6.933
2025-12-03 22:35:33,logger,31,INFO,Detected tags: 4 -> X: 0.141, Y: 0.140, Z: 6.933
2025-12-03 22:35:33,logger,31,INFO,Detected tags: 4 -> X: 0.144, Y: 0.142, Z: 7.032
2025-12-03 22:35:33,logger,31,INFO,Detected tags: 4 -> X: 0.144, Y: 0.142, Z: 7.032
2025-12-03 22:35:33,logger,31,INFO,Detected tags: 4 -> X: 0.144, Y: 0.142, Z: 7.032
2025-12-03 22:35:33,logger,31,INFO,Detected tags: 4 -> X: 0.140, Y: 0.143, Z: 6.992
2025-12-03 22:35:33,logger,31,INFO,Detected tags: 4 -> X: 0.140, Y: 0.143, Z: 6.992
2025-12-03 22:35:33,logger,31,INFO,Detected tags: 4 -> X: 0.140, Y: 0.144, Z: 7.056
2025-12-03 22:35:33,logger,31,INFO,Detected tags: 4 -> X: 0.142, Y: 0.143, Z: 7.087
2025-12-03 22:35:33,logger,31,INFO,Detected tags: 4 -> X: 0.142, Y: 0.143, Z: 7.087
2025-12-03 22:35:33,logger,31,INFO,Detected tags: 4 -> X: 0.139, Y: 0.142, Z: 7.033
2025-12-03 22:35:33,logger,31,INFO,Detected tags: 4 -> X: 0.139, Y: 0.142, Z: 7.033
2025-12-03 22:35:33,logger,31,INFO,Detected tags: 4 -> X: 0.140, Y: 0.144, Z: 7.141
2025-12-03 22:35:33,logger,31,INFO,Detected tags: 4 -> X: 0.140, Y: 0.144, Z: 7.141
2025-12-03 22:35:33,logger,31,INFO,Detected tags: 4 -> X: 0.140, Y: 0.144, Z: 7.141
2025-12-03 22:35:33,logger,31,INFO,Detected tags: 4 -> X: 0.139, Y: 0.142, Z: 7.070
2025-12-03 22:35:33,logger,31,INFO,Detected tags: 4 -> X: 0.139, Y: 0.142, Z: 7.070
2025-12-03 22:35:33,logger,31,INFO,Detected tags: 4 -> X: 0.140, Y: 0.144, Z: 7.124
2025-12-03 22:35:33,logger,31,INFO,Detected tags: 4 -> X: 0.140, Y: 0.144, Z: 7.124
2025-12-03 22:35:33,logger,31,INFO,Detected tags: 4 -> X: 0.139, Y: 0.143, Z: 7.114
2025-12-03 22:35:33,logger,31,INFO,Detected tags: 4 -> X: 0.140, Y: 0.145, Z: 7.168
2025-12-03 22:35:33,logger,31,INFO,Detected tags: 4 -> X: 0.140, Y: 0.145, Z: 7.168
2025-12-03 22:35:33,logger,31,INFO,Detected tags: 4 -> X: 0.139, Y: 0.143, Z: 7.160
2025-12-03 22:35:33,logger,31,INFO,Detected tags: 4 -> X: 0.139, Y: 0.143, Z: 7.160
2025-12-03 22:35:33,logger,31,INFO,Detected tags: 4 -> X: 0.139, Y: 0.143, Z: 7.160
2025-12-03 22:35:33,logger,31,INFO,Detected tags: 4 -> X: 0.139, Y: 0.145, Z: 7.148
2025-12-03 22:35:33,logger,31,INFO,Detected tags: 4 -> X: 0.139, Y: 0.145, Z: 7.148
2025-12-03 22:35:33,logger,31,INFO,Detected tags: 4 -> X: 0.138, Y: 0.145, Z: 7.132
2025-12-03 22:35:33,logger,31,INFO,Detected tags: 4 -> X: 0.138, Y: 0.145, Z: 7.132
2025-12-03 22:35:34,logger,31,INFO,Detected tags: 4 -> X: 0.140, Y: 0.146, Z: 7.160
2025-12-03 22:35:34,logger,31,INFO,Detected tags: 4 -> X: 0.140, Y: 0.146, Z: 7.160
2025-12-03 22:35:34,logger,31,INFO,Detected tags: 4 -> X: 0.139, Y: 0.144, Z: 7.105
2025-12-03 22:35:34,logger,31,INFO,Detected tags: 4 -> X: 0.139, Y: 0.144, Z: 7.105
2025-12-03 22:35:34,logger,34,WARNING,No tags detected
2025-12-03 22:35:34,logger,31,INFO,Detected tags: 4 -> X: 0.139, Y: 0.144, Z: 7.105
2025-12-03 22:35:34,logger,34,WARNING,No tags detected
2025-12-03 22:35:34,logger,31,INFO,Detected tags: 4 -> X: 0.139, Y: 0.144, Z: 7.105
2025-12-03 22:35:34,logger,34,WARNING,No tags detected
2025-12-03 22:35:34,logger,31,INFO,Detected tags: 4 -> X: 0.139, Y: 0.144, Z: 7.105
2025-12-03 22:35:34,logger,34,WARNING,No tags detected
2025-12-03 22:35:34,logger,31,INFO,Detected tags: 4 -> X: 0.139, Y: 0.144, Z: 7.105
2025-12-03 22:35:34,logger,34,WARNING,No tags detected
2025-12-03 22:35:34,logger,31,INFO,Detected tags: 4 -> X: 0.139, Y: 0.144, Z: 7.105
2025-12-03 22:35:34,logger,34,WARNING,No tags detected
2025-12-03 22:35:34,logger,31,INFO,Detected tags: 4 -> X: 0.139, Y: 0.144, Z: 7.105
2025-12-03 22:35:34,logger,34,WARNING,No tags detected
2025-12-03 22:35:34,logger,31,INFO,Detected tags: 4 -> X: 0.139, Y: 0.144, Z: 7.105
2025-12-03 22:35:34,logger,34,WARNING,No tags detected
2025-12-03 22:35:34,logger,31,INFO,Detected tags: 4 -> X: 0.139, Y: 0.144, Z: 7.105
2025-12-03 22:35:34,logger,34,WARNING,No tags detected
2025-12-03 22:35:34,logger,31,INFO,Detected tags: 4 -> X: 0.139, Y: 0.144, Z: 7.105
2025-12-03 22:35:34,logger,34,WARNING,No tags detected
2025-12-03 22:35:34,logger,31,INFO,Detected tags: 4 -> X: 0.139, Y: 0.144, Z: 7.105
2025-12-03 22:35:34,logger,31,INFO,Detected tags: 4 -> X: 0.095, Y: 0.137, Z: 7.063
2025-12-03 22:35:34,logger,31,INFO,Detected tags: 4 -> X: 0.095, Y: 0.137, Z: 7.063
2025-12-03 22:35:34,logger,31,INFO,Detected tags: 4 -> X: 0.066, Y: 0.134, Z: 7.009
2025-12-03 22:35:34,logger,31,INFO,Detected tags: 4 -> X: 0.066, Y: 0.134, Z: 7.009
2025-12-03 22:35:34,logger,31,INFO,Detected tags: 4 -> X: 0.070, Y: 0.138, Z: 7.083
2025-12-03 22:35:34,logger,31,INFO,Detected tags: 4 -> X: 0.070, Y: 0.138, Z: 7.083
2025-12-03 22:35:34,logger,31,INFO,Detected tags: 4 -> X: 0.065, Y: 0.133, Z: 6.994
2025-12-03 22:35:34,logger,31,INFO,Detected tags: 4 -> X: 0.065, Y: 0.133, Z: 6.994
2025-12-03 22:35:34,logger,31,INFO,Detected tags: 4 -> X: 0.064, Y: 0.137, Z: 7.058
2025-12-03 22:35:34,logger,31,INFO,Detected tags: 4 -> X: 0.064, Y: 0.137, Z: 7.058
2025-12-03 22:35:34,logger,31,INFO,Detected tags: 4 -> X: 0.061, Y: 0.137, Z: 7.125
2025-12-03 22:35:34,logger,31,INFO,Detected tags: 4 -> X: 0.061, Y: 0.137, Z: 7.125
2025-12-03 22:35:34,logger,31,INFO,Detected tags: 4 -> X: 0.059, Y: 0.137, Z: 7.072
2025-12-03 22:35:34,logger,31,INFO,Detected tags: 4 -> X: 0.059, Y: 0.137, Z: 7.072
2025-12-03 22:35:34,logger,31,INFO,Detected tags: 4 -> X: 0.035, Y: 0.135, Z: 7.012
2025-12-03 22:35:34,logger,31,INFO,Detected tags: 4 -> X: 0.035, Y: 0.135, Z: 7.012
2025-12-03 22:35:35,logger,31,INFO,Detected tags: 4 -> X: 0.036, Y: 0.135, Z: 6.929
2025-12-03 22:35:35,logger,31,INFO,Detected tags: 4 -> X: 0.036, Y: 0.135, Z: 6.929
2025-12-03 22:35:35,logger,31,INFO,Detected tags: 4 -> X: 0.036, Y: 0.136, Z: 7.014
2025-12-03 22:35:35,logger,31,INFO,Detected tags: 4 -> X: 0.036, Y: 0.136, Z: 7.014
2025-12-03 22:35:35,logger,31,INFO,Detected tags: 4 -> X: 0.038, Y: 0.134, Z: 7.025
2025-12-03 22:35:35,logger,31,INFO,Detected tags: 4 -> X: 0.038, Y: 0.134, Z: 7.025
2025-12-03 22:35:35,logger,31,INFO,Detected tags: 4 -> X: 0.036, Y: 0.135, Z: 6.887
2025-12-03 22:35:35,logger,31,INFO,Detected tags: 4 -> X: 0.036, Y: 0.135, Z: 6.887
2025-12-03 22:35:35,logger,31,INFO,Detected tags: 4 -> X: 0.038, Y: 0.137, Z: 6.871
2025-12-03 22:35:35,logger,31,INFO,Detected tags: 4 -> X: 0.038, Y: 0.137, Z: 6.871
2025-12-03 22:35:35,logger,31,INFO,Detected tags: 4 -> X: 0.042, Y: 0.135, Z: 6.933
2025-12-03 22:35:35,logger,31,INFO,Detected tags: 4 -> X: 0.042, Y: 0.135, Z: 6.933
2025-12-03 22:35:35,logger,31,INFO,Detected tags: 4 -> X: 0.041, Y: 0.137, Z: 7.065
2025-12-03 22:35:35,logger,31,INFO,Detected tags: 4 -> X: 0.041, Y: 0.137, Z: 7.065
2025-12-03 22:35:35,logger,31,INFO,Detected tags: 4 -> X: 0.041, Y: 0.135, Z: 6.951
2025-12-03 22:35:35,logger,31,INFO,Detected tags: 4 -> X: 0.041, Y: 0.135, Z: 6.951
2025-12-03 22:35:35,logger,31,INFO,Detected tags: 4 -> X: 0.045, Y: 0.137, Z: 6.980
2025-12-03 22:35:35,logger,31,INFO,Detected tags: 4 -> X: 0.045, Y: 0.137, Z: 6.980
2025-12-03 22:35:35,logger,31,INFO,Detected tags: 4 -> X: 0.044, Y: 0.134, Z: 6.919
2025-12-03 22:35:35,logger,31,INFO,Detected tags: 4 -> X: 0.044, Y: 0.134, Z: 6.919
2025-12-03 22:35:35,logger,31,INFO,Detected tags: 4 -> X: 0.047, Y: 0.135, Z: 6.951
2025-12-03 22:35:35,logger,31,INFO,Detected tags: 4 -> X: 0.047, Y: 0.135, Z: 6.951
2025-12-03 22:35:35,logger,31,INFO,Detected tags: 4 -> X: 0.048, Y: 0.136, Z: 6.978
2025-12-03 22:35:35,logger,31,INFO,Detected tags: 4 -> X: 0.048, Y: 0.136, Z: 6.978
2025-12-03 22:35:35,logger,31,INFO,Detected tags: 4 -> X: 0.053, Y: 0.137, Z: 7.064
2025-12-03 22:35:35,logger,31,INFO,Detected tags: 4 -> X: 0.053, Y: 0.137, Z: 7.064
2025-12-03 22:35:35,logger,31,INFO,Detected tags: 4 -> X: 0.052, Y: 0.139, Z: 7.157
2025-12-03 22:35:35,logger,31,INFO,Detected tags: 4 -> X: 0.052, Y: 0.139, Z: 7.157
2025-12-03 22:35:35,logger,31,INFO,Detected tags: 4 -> X: 0.050, Y: 0.137, Z: 6.984
2025-12-03 22:35:36,logger,31,INFO,Detected tags: 4 -> X: 0.050, Y: 0.137, Z: 6.984
2025-12-03 22:35:36,logger,31,INFO,Detected tags: 4 -> X: 0.052, Y: 0.131, Z: 6.869
2025-12-03 22:35:36,logger,31,INFO,Detected tags: 4 -> X: 0.052, Y: 0.131, Z: 6.869
2025-12-03 22:35:36,logger,31,INFO,Detected tags: 4 -> X: 0.053, Y: 0.131, Z: 6.797
2025-12-03 22:35:36,logger,31,INFO,Detected tags: 4 -> X: 0.053, Y: 0.131, Z: 6.797
2025-12-03 22:35:36,logger,31,INFO,Detected tags: 4 -> X: 0.055, Y: 0.134, Z: 6.929
2025-12-03 22:35:36,logger,31,INFO,Detected tags: 4 -> X: 0.055, Y: 0.134, Z: 6.929
2025-12-03 22:35:36,logger,31,INFO,Detected tags: 4 -> X: 0.056, Y: 0.137, Z: 7.091
2025-12-03 22:35:36,logger,31,INFO,Detected tags: 4 -> X: 0.056, Y: 0.137, Z: 7.091
2025-12-03 22:35:36,logger,31,INFO,Detected tags: 4 -> X: 0.058, Y: 0.138, Z: 7.056
2025-12-03 22:35:36,logger,31,INFO,Detected tags: 4 -> X: 0.058, Y: 0.138, Z: 7.056
2025-12-03 22:35:36,logger,31,INFO,Detected tags: 4 -> X: 0.051, Y: 0.135, Z: 6.980
2025-12-03 22:35:36,logger,31,INFO,Detected tags: 4 -> X: 0.051, Y: 0.135, Z: 6.980
2025-12-03 22:35:36,logger,31,INFO,Detected tags: 4 -> X: 0.051, Y: 0.135, Z: 6.980
2025-12-03 22:35:36,logger,31,INFO,Detected tags: 4 -> X: 0.055, Y: 0.137, Z: 6.928
2025-12-03 22:35:36,logger,31,INFO,Detected tags: 4 -> X: 0.055, Y: 0.139, Z: 6.952
2025-12-03 22:35:36,logger,31,INFO,Detected tags: 4 -> X: 0.055, Y: 0.139, Z: 6.952
2025-12-03 22:35:36,logger,31,INFO,Detected tags: 4 -> X: 0.056, Y: 0.136, Z: 6.891
2025-12-03 22:35:36,logger,31,INFO,Detected tags: 4 -> X: 0.056, Y: 0.136, Z: 6.891
2025-12-03 22:35:36,logger,31,INFO,Detected tags: 4 -> X: 0.064, Y: 0.143, Z: 7.010
2025-12-03 22:35:36,logger,31,INFO,Detected tags: 4 -> X: 0.064, Y: 0.143, Z: 7.010
2025-12-03 22:35:36,logger,31,INFO,Detected tags: 4 -> X: 0.059, Y: 0.141, Z: 6.793
2025-12-03 22:35:36,logger,31,INFO,Detected tags: 4 -> X: 0.059, Y: 0.141, Z: 6.793
2025-12-03 22:35:36,logger,31,INFO,Detected tags: 4 -> X: 0.059, Y: 0.141, Z: 6.793
2025-12-03 22:35:36,logger,31,INFO,Detected tags: 4 -> X: 0.060, Y: 0.146, Z: 6.904
2025-12-03 22:35:36,logger,31,INFO,Detected tags: 4 -> X: 0.060, Y: 0.146, Z: 6.904
2025-12-03 22:35:36,logger,31,INFO,Detected tags: 4 -> X: 0.060, Y: 0.143, Z: 6.835
2025-12-03 22:35:36,logger,31,INFO,Detected tags: 4 -> X: 0.061, Y: 0.143, Z: 6.777
2025-12-03 22:35:36,logger,31,INFO,Detected tags: 4 -> X: 0.061, Y: 0.143, Z: 6.777
2025-12-03 22:35:37,logger,31,INFO,Detected tags: 4 -> X: 0.068, Y: 0.148, Z: 6.831
2025-12-03 22:35:37,logger,31,INFO,Detected tags: 4 -> X: 0.068, Y: 0.148, Z: 6.831
2025-12-03 22:35:37,logger,31,INFO,Detected tags: 4 -> X: 0.066, Y: 0.145, Z: 6.721
2025-12-03 22:35:37,logger,31,INFO,Detected tags: 4 -> X: 0.066, Y: 0.145, Z: 6.721
2025-12-03 22:35:37,logger,31,INFO,Detected tags: 4 -> X: 0.066, Y: 0.145, Z: 6.721
2025-12-03 22:35:37,logger,31,INFO,Detected tags: 4 -> X: 0.069, Y: 0.146, Z: 6.803
2025-12-03 22:35:37,logger,31,INFO,Detected tags: 4 -> X: 0.069, Y: 0.146, Z: 6.803
2025-12-03 22:35:37,logger,31,INFO,Detected tags: 4 -> X: 0.069, Y: 0.145, Z: 6.783
2025-12-03 22:35:37,logger,31,INFO,Detected tags: 4 -> X: 0.069, Y: 0.145, Z: 6.783
2025-12-03 22:35:37,logger,31,INFO,Detected tags: 4 -> X: 0.069, Y: 0.146, Z: 6.787
2025-12-03 22:35:37,logger,31,INFO,Detected tags: 4 -> X: 0.071, Y: 0.147, Z: 6.801
2025-12-03 22:35:37,logger,31,INFO,Detected tags: 4 -> X: 0.071, Y: 0.147, Z: 6.801
2025-12-03 22:35:37,logger,31,INFO,Detected tags: 4 -> X: 0.069, Y: 0.147, Z: 6.812
2025-12-03 22:35:37,logger,31,INFO,Detected tags: 4 -> X: 0.069, Y: 0.147, Z: 6.812
2025-12-03 22:35:37,logger,31,INFO,Detected tags: 4 -> X: 0.069, Y: 0.147, Z: 6.812
2025-12-03 22:35:37,logger,31,INFO,Detected tags: 4 -> X: 0.071, Y: 0.147, Z: 6.773
2025-12-03 22:35:37,logger,31,INFO,Detected tags: 4 -> X: 0.071, Y: 0.147, Z: 6.773
2025-12-03 22:35:37,logger,31,INFO,Detected tags: 4 -> X: 0.073, Y: 0.148, Z: 6.773
2025-12-03 22:35:37,logger,31,INFO,Detected tags: 4 -> X: 0.073, Y: 0.148, Z: 6.773
2025-12-03 22:35:37,logger,31,INFO,Detected tags: 4 -> X: 0.074, Y: 0.149, Z: 6.867
2025-12-03 22:35:37,logger,31,INFO,Detected tags: 4 -> X: 0.074, Y: 0.149, Z: 6.867
2025-12-03 22:35:37,logger,31,INFO,Detected tags: 4 -> X: 0.073, Y: 0.148, Z: 6.781
2025-12-03 22:35:37,logger,31,INFO,Detected tags: 4 -> X: 0.073, Y: 0.148, Z: 6.781
2025-12-03 22:35:37,logger,31,INFO,Detected tags: 4 -> X: 0.074, Y: 0.148, Z: 6.786
2025-12-03 22:35:37,logger,31,INFO,Detected tags: 4 -> X: 0.074, Y: 0.148, Z: 6.786
2025-12-03 22:35:37,logger,31,INFO,Detected tags: 4 -> X: 0.071, Y: 0.149, Z: 6.820
2025-12-03 22:35:37,logger,31,INFO,Detected tags: 4 -> X: 0.071, Y: 0.149, Z: 6.820
2025-12-03 22:35:37,logger,31,INFO,Detected tags: 4 -> X: 0.072, Y: 0.148, Z: 6.771
2025-12-03 22:35:37,logger,31,INFO,Detected tags: 4 -> X: 0.072, Y: 0.148, Z: 6.771
2025-12-03 22:35:37,logger,31,INFO,Detected tags: 4 -> X: 0.071, Y: 0.147, Z: 6.763
2025-12-03 22:35:37,logger,31,INFO,Detected tags: 4 -> X: 0.071, Y: 0.147, Z: 6.763
2025-12-03 22:35:38,logger,31,INFO,Detected tags: 4 -> X: 0.071, Y: 0.147, Z: 6.738
2025-12-03 22:35:38,logger,31,INFO,Detected tags: 4 -> X: 0.071, Y: 0.147, Z: 6.738
2025-12-03 22:35:38,logger,31,INFO,Detected tags: 4 -> X: 0.074, Y: 0.149, Z: 6.833
2025-12-03 22:35:38,logger,31,INFO,Detected tags: 4 -> X: 0.074, Y: 0.149, Z: 6.833
2025-12-03 22:35:38,logger,31,INFO,Detected tags: 4 -> X: 0.072, Y: 0.149, Z: 6.858
2025-12-03 22:35:38,logger,31,INFO,Detected tags: 4 -> X: 0.072, Y: 0.149, Z: 6.858
2025-12-03 22:35:38,logger,31,INFO,Detected tags: 4 -> X: 0.071, Y: 0.147, Z: 6.762
2025-12-03 22:35:38,logger,31,INFO,Detected tags: 4 -> X: 0.071, Y: 0.147, Z: 6.762
2025-12-03 22:35:38,logger,31,INFO,Detected tags: 4 -> X: 0.072, Y: 0.148, Z: 6.790
2025-12-03 22:35:38,logger,31,INFO,Detected tags: 4 -> X: 0.072, Y: 0.148, Z: 6.790
2025-12-03 22:35:38,logger,31,INFO,Detected tags: 4 -> X: 0.070, Y: 0.148, Z: 6.825
2025-12-03 22:35:38,logger,31,INFO,Detected tags: 4 -> X: 0.070, Y: 0.148, Z: 6.825
2025-12-03 22:35:38,logger,31,INFO,Detected tags: 4 -> X: 0.073, Y: 0.153, Z: 6.902
2025-12-03 22:35:38,logger,31,INFO,Detected tags: 4 -> X: 0.073, Y: 0.153, Z: 6.902
2025-12-03 22:35:38,logger,31,INFO,Detected tags: 4 -> X: 0.075, Y: 0.154, Z: 6.840
2025-12-03 22:35:38,logger,31,INFO,Detected tags: 4 -> X: 0.075, Y: 0.154, Z: 6.840
2025-12-03 22:35:38,logger,31,INFO,Detected tags: 4 -> X: 0.076, Y: 0.157, Z: 6.772
2025-12-03 22:35:38,logger,31,INFO,Detected tags: 4 -> X: 0.076, Y: 0.157, Z: 6.772
2025-12-03 22:35:38,logger,31,INFO,Detected tags: 4 -> X: 0.076, Y: 0.159, Z: 6.804
2025-12-03 22:35:38,logger,31,INFO,Detected tags: 4 -> X: 0.076, Y: 0.159, Z: 6.804
2025-12-03 22:35:38,logger,31,INFO,Detected tags: 4 -> X: 0.082, Y: 0.171, Z: 6.963
2025-12-03 22:35:38,logger,31,INFO,Detected tags: 4 -> X: 0.082, Y: 0.171, Z: 6.963
2025-12-03 22:35:38,logger,31,INFO,Detected tags: 4 -> X: 0.080, Y: 0.173, Z: 6.880
2025-12-03 22:35:38,logger,31,INFO,Detected tags: 4 -> X: 0.080, Y: 0.173, Z: 6.880
2025-12-03 22:35:38,logger,31,INFO,Detected tags: 4 -> X: 0.078, Y: 0.173, Z: 6.816
2025-12-03 22:35:38,logger,31,INFO,Detected tags: 4 -> X: 0.078, Y: 0.173, Z: 6.816
2025-12-03 22:35:38,logger,31,INFO,Detected tags: 4 -> X: 0.079, Y: 0.175, Z: 6.789
2025-12-03 22:35:38,logger,31,INFO,Detected tags: 4 -> X: 0.079, Y: 0.175, Z: 6.789
2025-12-03 22:35:38,logger,31,INFO,Detected tags: 4 -> X: 0.078, Y: 0.178, Z: 6.781
2025-12-03 22:35:38,logger,31,INFO,Detected tags: 4 -> X: 0.078, Y: 0.178, Z: 6.781
2025-12-03 22:35:39,logger,31,INFO,Detected tags: 4 -> X: 0.081, Y: 0.176, Z: 6.736
2025-12-03 22:35:39,logger,31,INFO,Detected tags: 4 -> X: 0.081, Y: 0.176, Z: 6.736
2025-12-03 22:35:39,logger,31,INFO,Detected tags: 4 -> X: 0.082, Y: 0.177, Z: 6.780
2025-12-03 22:35:39,logger,31,INFO,Detected tags: 4 -> X: 0.082, Y: 0.177, Z: 6.780
2025-12-03 22:35:39,logger,31,INFO,Detected tags: 4 -> X: 0.083, Y: 0.179, Z: 6.796
2025-12-03 22:35:39,logger,31,INFO,Detected tags: 4 -> X: 0.083, Y: 0.179, Z: 6.796
2025-12-03 22:35:39,logger,31,INFO,Detected tags: 4 -> X: 0.081, Y: 0.176, Z: 6.723
2025-12-03 22:35:39,logger,31,INFO,Detected tags: 4 -> X: 0.081, Y: 0.176, Z: 6.723
2025-12-03 22:35:39,logger,31,INFO,Detected tags: 4 -> X: 0.084, Y: 0.178, Z: 6.769
2025-12-03 22:35:39,logger,31,INFO,Detected tags: 4 -> X: 0.084, Y: 0.178, Z: 6.769
2025-12-03 22:35:39,logger,31,INFO,Detected tags: 4 -> X: 0.086, Y: 0.181, Z: 6.774
2025-12-03 22:35:39,logger,31,INFO,Detected tags: 4 -> X: 0.086, Y: 0.181, Z: 6.774
2025-12-03 22:35:39,logger,31,INFO,Detected tags: 4 -> X: 0.086, Y: 0.180, Z: 6.729
2025-12-03 22:35:39,logger,31,INFO,Detected tags: 4 -> X: 0.086, Y: 0.180, Z: 6.729
2025-12-03 22:35:39,logger,31,INFO,Detected tags: 4 -> X: 0.085, Y: 0.180, Z: 6.765
2025-12-03 22:35:39,logger,31,INFO,Detected tags: 4 -> X: 0.085, Y: 0.180, Z: 6.765
2025-12-03 22:35:39,logger,31,INFO,Detected tags: 4 -> X: 0.086, Y: 0.175, Z: 6.863
2025-12-03 22:35:39,logger,31,INFO,Detected tags: 4 -> X: 0.086, Y: 0.175, Z: 6.863
2025-12-03 22:35:39,logger,31,INFO,Detected tags: 4 -> X: 0.082, Y: 0.176, Z: 7.016
2025-12-03 22:35:39,logger,31,INFO,Detected tags: 4 -> X: 0.082, Y: 0.176, Z: 7.016
2025-12-03 22:35:39,logger,31,INFO,Detected tags: 4 -> X: 0.082, Y: 0.176, Z: 7.016
2025-12-03 22:35:39,logger,34,WARNING,No tags detected
2025-12-03 22:35:39,logger,31,INFO,Detected tags: 4 -> X: 0.082, Y: 0.176, Z: 7.016
2025-12-03 22:35:39,logger,31,INFO,Detected tags: 4 -> X: 0.084, Y: 0.168, Z: 7.047
2025-12-03 22:35:39,logger,31,INFO,Detected tags: 4 -> X: 0.084, Y: 0.168, Z: 7.047
2025-12-03 22:35:39,logger,31,INFO,Detected tags: 4 -> X: 0.080, Y: 0.166, Z: 7.015
2025-12-03 22:35:39,logger,31,INFO,Detected tags: 4 -> X: 0.080, Y: 0.166, Z: 7.015
2025-12-03 22:35:39,logger,31,INFO,Detected tags: 4 -> X: 0.084, Y: 0.146, Z: 6.908
2025-12-03 22:35:39,logger,31,INFO,Detected tags: 4 -> X: 0.084, Y: 0.146, Z: 6.908
2025-12-03 22:35:39,logger,31,INFO,Detected tags: 4 -> X: 0.084, Y: 0.139, Z: 6.863
2025-12-03 22:35:39,logger,31,INFO,Detected tags: 4 -> X: 0.084, Y: 0.139, Z: 6.863
2025-12-03 22:35:39,logger,31,INFO,Detected tags: 4 -> X: 0.084, Y: 0.139, Z: 6.863
2025-12-03 22:35:40,logger,31,INFO,Detected tags: 4 -> X: 0.085, Y: 0.138, Z: 6.916
2025-12-03 22:35:40,logger,31,INFO,Detected tags: 4 -> X: 0.085, Y: 0.138, Z: 6.916
2025-12-03 22:35:40,logger,31,INFO,Detected tags: 4 -> X: 0.085, Y: 0.136, Z: 6.816
2025-12-03 22:35:40,logger,31,INFO,Detected tags: 4 -> X: 0.085, Y: 0.139, Z: 6.850
2025-12-03 22:35:40,logger,31,INFO,Detected tags: 4 -> X: 0.085, Y: 0.139, Z: 6.850
2025-12-03 22:35:40,logger,31,INFO,Detected tags: 4 -> X: 0.084, Y: 0.137, Z: 6.868
2025-12-03 22:35:40,logger,31,INFO,Detected tags: 4 -> X: 0.084, Y: 0.137, Z: 6.868
2025-12-03 22:35:40,logger,31,INFO,Detected tags: 4 -> X: 0.086, Y: 0.137, Z: 6.842
2025-12-03 22:35:40,logger,31,INFO,Detected tags: 4 -> X: 0.086, Y: 0.137, Z: 6.842
2025-12-03 22:35:40,logger,31,INFO,Detected tags: 4 -> X: 0.086, Y: 0.137, Z: 6.842
2025-12-03 22:35:40,logger,31,INFO,Detected tags: 4 -> X: 0.086, Y: 0.138, Z: 6.897
2025-12-03 22:35:40,logger,31,INFO,Detected tags: 4 -> X: 0.086, Y: 0.138, Z: 6.897
2025-12-03 22:35:40,logger,31,INFO,Detected tags: 4 -> X: 0.083, Y: 0.139, Z: 6.819
2025-12-03 22:35:40,logger,31,INFO,Detected tags: 4 -> X: 0.083, Y: 0.139, Z: 6.819
2025-12-03 22:35:40,logger,31,INFO,Detected tags: 4 -> X: 0.086, Y: 0.140, Z: 6.869
2025-12-03 22:35:40,logger,31,INFO,Detected tags: 4 -> X: 0.085, Y: 0.139, Z: 6.822
2025-12-03 22:35:40,logger,31,INFO,Detected tags: 4 -> X: 0.085, Y: 0.139, Z: 6.822
2025-12-03 22:35:40,logger,31,INFO,Detected tags: 4 -> X: 0.082, Y: 0.129, Z: 6.941
2025-12-03 22:35:40,logger,31,INFO,Detected tags: 4 -> X: 0.082, Y: 0.129, Z: 6.941
2025-12-03 22:35:40,logger,31,INFO,Detected tags: 4 -> X: 0.082, Y: 0.129, Z: 6.941
2025-12-03 22:35:40,logger,31,INFO,Detected tags: 4 -> X: 0.077, Y: 0.129, Z: 6.921
2025-12-03 22:35:40,logger,31,INFO,Detected tags: 4 -> X: 0.077, Y: 0.129, Z: 6.921
2025-12-03 22:35:40,logger,31,INFO,Detected tags: 4 -> X: 0.074, Y: 0.128, Z: 6.927
2025-12-03 22:35:40,logger,31,INFO,Detected tags: 4 -> X: 0.074, Y: 0.128, Z: 6.927
2025-12-03 22:35:40,logger,31,INFO,Detected tags: 4 -> X: 0.071, Y: 0.128, Z: 6.929
2025-12-03 22:35:40,logger,31,INFO,Detected tags: 4 -> X: 0.071, Y: 0.128, Z: 6.929
2025-12-03 22:35:40,logger,31,INFO,Detected tags: 4 -> X: 0.064, Y: 0.131, Z: 6.985
2025-12-03 22:35:40,logger,31,INFO,Detected tags: 4 -> X: 0.052, Y: 0.128, Z: 6.838
2025-12-03 22:35:40,logger,31,INFO,Detected tags: 4 -> X: 0.052, Y: 0.128, Z: 6.838
2025-12-03 22:35:41,logger,31,INFO,Detected tags: 4 -> X: 0.052, Y: 0.128, Z: 6.838
2025-12-03 22:35:41,logger,31,INFO,Detected tags: 4 -> X: 0.044, Y: 0.129, Z: 6.874
2025-12-03 22:35:41,logger,31,INFO,Detected tags: 4 -> X: 0.044, Y: 0.129, Z: 6.874
2025-12-03 22:35:41,logger,31,INFO,Detected tags: 4 -> X: 0.041, Y: 0.128, Z: 6.833
2025-12-03 22:35:41,logger,31,INFO,Detected tags: 4 -> X: 0.041, Y: 0.128, Z: 6.833
2025-12-03 22:35:41,logger,31,INFO,Detected tags: 4 -> X: 0.037, Y: 0.130, Z: 6.855
2025-12-03 22:35:41,logger,31,INFO,Detected tags: 4 -> X: 0.037, Y: 0.130, Z: 6.855
2025-12-03 22:35:41,logger,31,INFO,Detected tags: 4 -> X: 0.035, Y: 0.130, Z: 6.894
2025-12-03 22:35:41,logger,31,INFO,Detected tags: 4 -> X: 0.035, Y: 0.130, Z: 6.894
2025-12-03 22:35:41,logger,31,INFO,Detected tags: 4 -> X: 0.009, Y: 0.132, Z: 6.810
2025-12-03 22:35:41,logger,31,INFO,Detected tags: 4 -> X: 0.009, Y: 0.132, Z: 6.810
2025-12-03 22:35:41,logger,31,INFO,Detected tags: 4 -> X: 0.011, Y: 0.133, Z: 6.825
2025-12-03 22:35:41,logger,31,INFO,Detected tags: 4 -> X: 0.011, Y: 0.133, Z: 6.825
2025-12-03 22:35:41,logger,31,INFO,Detected tags: 4 -> X: 0.007, Y: 0.130, Z: 6.653
2025-12-03 22:35:41,logger,31,INFO,Detected tags: 4 -> X: 0.007, Y: 0.130, Z: 6.653
2025-12-03 22:35:41,logger,31,INFO,Detected tags: 4 -> X: 0.008, Y: 0.131, Z: 6.799
2025-12-03 22:35:41,logger,31,INFO,Detected tags: 4 -> X: 0.008, Y: 0.131, Z: 6.799
2025-12-03 22:35:41,logger,31,INFO,Detected tags: 4 -> X: 0.005, Y: 0.126, Z: 6.619
2025-12-03 22:35:41,logger,31,INFO,Detected tags: 4 -> X: 0.005, Y: 0.126, Z: 6.619
2025-12-03 22:35:41,logger,31,INFO,Detected tags: 4 -> X: 0.006, Y: 0.132, Z: 6.779
2025-12-03 22:35:41,logger,31,INFO,Detected tags: 4 -> X: 0.006, Y: 0.132, Z: 6.779
2025-12-03 22:35:41,logger,31,INFO,Detected tags: 4 -> X: 0.006, Y: 0.133, Z: 6.856
2025-12-03 22:35:41,logger,31,INFO,Detected tags: 4 -> X: 0.006, Y: 0.133, Z: 6.856
2025-12-03 22:35:41,logger,31,INFO,Detected tags: 4 -> X: 0.007, Y: 0.129, Z: 6.662
2025-12-03 22:35:41,logger,31,INFO,Detected tags: 4 -> X: 0.007, Y: 0.129, Z: 6.662
2025-12-03 22:35:41,logger,31,INFO,Detected tags: 4 -> X: 0.009, Y: 0.131, Z: 6.826
2025-12-03 22:35:41,logger,31,INFO,Detected tags: 4 -> X: 0.009, Y: 0.131, Z: 6.826
2025-12-03 22:35:41,logger,31,INFO,Detected tags: 4 -> X: 0.004, Y: 0.130, Z: 6.720
2025-12-03 22:35:41,logger,31,INFO,Detected tags: 4 -> X: 0.004, Y: 0.130, Z: 6.720
2025-12-03 22:35:41,logger,31,INFO,Detected tags: 4 -> X: 0.005, Y: 0.131, Z: 6.663
2025-12-03 22:35:42,logger,31,INFO,Detected tags: 4 -> X: 0.005, Y: 0.131, Z: 6.663
2025-12-03 22:35:42,logger,31,INFO,Detected tags: 4 -> X: 0.006, Y: 0.131, Z: 6.686
2025-12-03 22:35:42,logger,31,INFO,Detected tags: 4 -> X: 0.006, Y: 0.131, Z: 6.686
2025-12-03 22:35:42,logger,31,INFO,Detected tags: 4 -> X: 0.006, Y: 0.131, Z: 6.654
2025-12-03 22:35:42,logger,31,INFO,Detected tags: 4 -> X: 0.006, Y: 0.131, Z: 6.654
2025-12-03 22:35:42,logger,31,INFO,Detected tags: 4 -> X: 0.008, Y: 0.136, Z: 6.671
2025-12-03 22:35:42,logger,31,INFO,Detected tags: 4 -> X: 0.008, Y: 0.136, Z: 6.671
2025-12-03 22:35:42,logger,31,INFO,Detected tags: 4 -> X: 0.010, Y: 0.141, Z: 6.739
2025-12-03 22:35:42,logger,31,INFO,Detected tags: 4 -> X: 0.010, Y: 0.141, Z: 6.739
2025-12-03 22:35:42,logger,31,INFO,Detected tags: 4 -> X: 0.012, Y: 0.145, Z: 6.741
2025-12-03 22:35:42,logger,31,INFO,Detected tags: 4 -> X: 0.012, Y: 0.145, Z: 6.741
2025-12-03 22:35:42,logger,31,INFO,Detected tags: 4 -> X: 0.013, Y: 0.146, Z: 6.734
2025-12-03 22:35:42,logger,31,INFO,Detected tags: 4 -> X: 0.013, Y: 0.146, Z: 6.734
2025-12-03 22:35:42,logger,31,INFO,Detected tags: 4 -> X: 0.009, Y: 0.163, Z: 6.823
2025-12-03 22:35:42,logger,31,INFO,Detected tags: 4 -> X: 0.009, Y: 0.163, Z: 6.823
2025-12-03 22:35:42,logger,31,INFO,Detected tags: 4 -> X: 0.007, Y: 0.171, Z: 6.770
2025-12-03 22:35:42,logger,31,INFO,Detected tags: 4 -> X: 0.007, Y: 0.171, Z: 6.770
2025-12-03 22:35:42,logger,31,INFO,Detected tags: 4 -> X: 0.004, Y: 0.175, Z: 6.846
2025-12-03 22:35:42,logger,31,INFO,Detected tags: 4 -> X: 0.004, Y: 0.175, Z: 6.846
2025-12-03 22:35:42,logger,34,WARNING,No tags detected
2025-12-03 22:35:42,logger,31,INFO,Detected tags: 4 -> X: 0.004, Y: 0.175, Z: 6.846
2025-12-03 22:35:42,logger,34,WARNING,No tags detected
2025-12-03 22:35:42,logger,31,INFO,Detected tags: 4 -> X: 0.004, Y: 0.175, Z: 6.846
2025-12-03 22:35:42,logger,34,WARNING,No tags detected
2025-12-03 22:35:42,logger,31,INFO,Detected tags: 4 -> X: 0.004, Y: 0.175, Z: 6.846
2025-12-03 22:35:42,logger,34,WARNING,No tags detected
2025-12-03 22:35:42,logger,31,INFO,Detected tags: 4 -> X: 0.004, Y: 0.175, Z: 6.846
2025-12-03 22:35:42,logger,31,INFO,Detected tags: 4 -> X: -0.004, Y: 0.174, Z: 6.766
2025-12-03 22:35:42,logger,31,INFO,Detected tags: 4 -> X: -0.004, Y: 0.174, Z: 6.766
2025-12-03 22:35:42,logger,31,INFO,Detected tags: 4 -> X: -0.028, Y: 0.173, Z: 6.663
2025-12-03 22:35:42,logger,31,INFO,Detected tags: 4 -> X: -0.028, Y: 0.173, Z: 6.663
2025-12-03 22:35:42,logger,34,WARNING,No tags detected
2025-12-03 22:35:42,logger,31,INFO,Detected tags: 4 -> X: -0.028, Y: 0.173, Z: 6.663
2025-12-03 22:35:42,logger,34,WARNING,No tags detected
2025-12-03 22:35:42,logger,31,INFO,Detected tags: 4 -> X: -0.028, Y: 0.173, Z: 6.663
2025-12-03 22:35:42,logger,31,INFO,Detected tags: 4 -> X: -0.053, Y: 0.175, Z: 6.658
2025-12-03 22:35:42,logger,31,INFO,Detected tags: 4 -> X: -0.053, Y: 0.175, Z: 6.658
2025-12-03 22:35:43,logger,31,INFO,Detected tags: 4 -> X: -0.070, Y: 0.180, Z: 6.704
2025-12-03 22:35:43,logger,31,INFO,Detected tags: 4 -> X: -0.070, Y: 0.180, Z: 6.704
2025-12-03 22:35:43,logger,31,INFO,Detected tags: 4 -> X: -0.074, Y: 0.180, Z: 6.702
2025-12-03 22:35:43,logger,31,INFO,Detected tags: 4 -> X: -0.074, Y: 0.180, Z: 6.702
2025-12-03 22:35:43,logger,31,INFO,Detected tags: 4 -> X: -0.076, Y: 0.184, Z: 6.707
2025-12-03 22:35:43,logger,31,INFO,Detected tags: 4 -> X: -0.076, Y: 0.184, Z: 6.707
2025-12-03 22:35:43,logger,31,INFO,Detected tags: 4 -> X: -0.076, Y: 0.184, Z: 6.707
2025-12-03 22:35:43,logger,31,INFO,Detected tags: 4 -> X: -0.082, Y: 0.182, Z: 6.723
2025-12-03 22:35:43,logger,31,INFO,Detected tags: 4 -> X: -0.084, Y: 0.184, Z: 6.749
2025-12-03 22:35:43,logger,31,INFO,Detected tags: 4 -> X: -0.084, Y: 0.184, Z: 6.749
2025-12-03 22:35:43,logger,31,INFO,Detected tags: 4 -> X: -0.087, Y: 0.189, Z: 6.970
2025-12-03 22:35:43,logger,31,INFO,Detected tags: 4 -> X: -0.087, Y: 0.189, Z: 6.970
2025-12-03 22:35:43,logger,31,INFO,Detected tags: 4 -> X: -0.082, Y: 0.184, Z: 6.680
2025-12-03 22:35:43,logger,31,INFO,Detected tags: 4 -> X: -0.082, Y: 0.184, Z: 6.680
2025-12-03 22:35:43,logger,31,INFO,Detected tags: 4 -> X: -0.083, Y: 0.184, Z: 6.755
2025-12-03 22:35:43,logger,31,INFO,Detected tags: 4 -> X: -0.083, Y: 0.184, Z: 6.755
2025-12-03 22:35:43,logger,31,INFO,Detected tags: 4 -> X: -0.083, Y: 0.184, Z: 6.755
2025-12-03 22:35:43,logger,31,INFO,Detected tags: 4 -> X: -0.077, Y: 0.180, Z: 6.636
2025-12-03 22:35:43,logger,31,INFO,Detected tags: 4 -> X: -0.077, Y: 0.180, Z: 6.636
2025-12-03 22:35:43,logger,31,INFO,Detected tags: 4 -> X: -0.077, Y: 0.181, Z: 6.661
2025-12-03 22:35:43,logger,34,WARNING,No tags detected
2025-12-03 22:35:43,logger,31,INFO,Detected tags: 4 -> X: -0.077, Y: 0.181, Z: 6.661
2025-12-03 22:35:43,logger,34,WARNING,No tags detected
2025-12-03 22:35:43,logger,31,INFO,Detected tags: 4 -> X: -0.077, Y: 0.181, Z: 6.661
2025-12-03 22:35:43,logger,34,WARNING,No tags detected
2025-12-03 22:35:43,logger,31,INFO,Detected tags: 4 -> X: -0.077, Y: 0.181, Z: 6.661
2025-12-03 22:35:43,logger,34,WARNING,No tags detected
2025-12-03 22:35:43,logger,31,INFO,Detected tags: 4 -> X: -0.077, Y: 0.181, Z: 6.661
2025-12-03 22:35:43,logger,34,WARNING,No tags detected
2025-12-03 22:35:43,logger,31,INFO,Detected tags: 4 -> X: -0.077, Y: 0.181, Z: 6.661
2025-12-03 22:35:43,logger,34,WARNING,No tags detected
2025-12-03 22:35:43,logger,31,INFO,Detected tags: 4 -> X: -0.077, Y: 0.181, Z: 6.661
2025-12-03 22:35:43,logger,34,WARNING,No tags detected
2025-12-03 22:35:43,logger,31,INFO,Detected tags: 4 -> X: -0.077, Y: 0.181, Z: 6.661
2025-12-03 22:35:43,logger,34,WARNING,No tags detected
2025-12-03 22:35:43,logger,31,INFO,Detected tags: 4 -> X: -0.077, Y: 0.181, Z: 6.661
2025-12-03 22:35:43,logger,34,WARNING,No tags detected
2025-12-03 22:35:43,logger,31,INFO,Detected tags: 4 -> X: -0.077, Y: 0.181, Z: 6.661
2025-12-03 22:35:43,logger,34,WARNING,No tags detected
2025-12-03 22:35:43,logger,31,INFO,Detected tags: 4 -> X: -0.077, Y: 0.181, Z: 6.661
2025-12-03 22:35:44,logger,34,WARNING,No tags detected
2025-12-03 22:35:44,logger,31,INFO,Detected tags: 4 -> X: -0.077, Y: 0.181, Z: 6.661
2025-12-03 22:35:44,logger,34,WARNING,No tags detected
2025-12-03 22:35:44,logger,31,INFO,Detected tags: 4 -> X: -0.077, Y: 0.181, Z: 6.661
2025-12-03 22:35:44,logger,34,WARNING,No tags detected
2025-12-03 22:35:44,logger,31,INFO,Detected tags: 4 -> X: -0.077, Y: 0.181, Z: 6.661
2025-12-03 22:35:44,logger,34,WARNING,No tags detected
2025-12-03 22:35:44,logger,31,INFO,Detected tags: 4 -> X: -0.077, Y: 0.181, Z: 6.661
2025-12-03 22:35:44,logger,34,WARNING,No tags detected
2025-12-03 22:35:44,logger,31,INFO,Detected tags: 4 -> X: -0.077, Y: 0.181, Z: 6.661
2025-12-03 22:35:44,logger,34,WARNING,No tags detected
2025-12-03 22:35:44,logger,31,INFO,Detected tags: 4 -> X: -0.077, Y: 0.181, Z: 6.661
2025-12-03 22:35:44,logger,34,WARNING,No tags detected
2025-12-03 22:35:44,logger,31,INFO,Detected tags: 4 -> X: -0.077, Y: 0.181, Z: 6.661
2025-12-03 22:35:44,logger,34,WARNING,No tags detected
2025-12-03 22:35:44,logger,31,INFO,Detected tags: 4 -> X: -0.077, Y: 0.181, Z: 6.661
2025-12-03 22:35:44,logger,34,WARNING,No tags detected
2025-12-03 22:35:44,logger,31,INFO,Detected tags: 4 -> X: -0.077, Y: 0.181, Z: 6.661
2025-12-03 22:35:44,logger,31,INFO,Detected tags: 4 -> X: -0.040, Y: 0.174, Z: 6.570
2025-12-03 22:35:44,logger,31,INFO,Detected tags: 4 -> X: -0.040, Y: 0.174, Z: 6.570
2025-12-03 22:35:44,logger,31,INFO,Detected tags: 4 -> X: 0.007, Y: 0.182, Z: 6.780
2025-12-03 22:35:44,logger,31,INFO,Detected tags: 4 -> X: 0.007, Y: 0.182, Z: 6.780
2025-12-03 22:35:44,logger,31,INFO,Detected tags: 4 -> X: 0.014, Y: 0.183, Z: 6.796
2025-12-03 22:35:44,logger,31,INFO,Detected tags: 4 -> X: 0.113, Y: 0.185, Z: 7.059
2025-12-03 22:35:44,logger,31,INFO,Detected tags: 4 -> X: 0.113, Y: 0.185, Z: 7.059
2025-12-03 22:35:44,logger,31,INFO,Detected tags: 4 -> X: 0.113, Y: 0.185, Z: 7.059
2025-12-03 22:35:44,logger,31,INFO,Detected tags: 4 -> X: 0.119, Y: 0.191, Z: 7.328
2025-12-03 22:35:44,logger,31,INFO,Detected tags: 4 -> X: 0.119, Y: 0.191, Z: 7.328
2025-12-03 22:35:44,logger,31,INFO,Detected tags: 4 -> X: 0.123, Y: 0.184, Z: 7.137
2025-12-03 22:35:44,logger,31,INFO,Detected tags: 4 -> X: 0.123, Y: 0.184, Z: 7.137
2025-12-03 22:35:44,logger,31,INFO,Detected tags: 4 -> X: 0.128, Y: 0.190, Z: 7.292
2025-12-03 22:35:44,logger,31,INFO,Detected tags: 4 -> X: 0.128, Y: 0.190, Z: 7.292
2025-12-03 22:35:44,logger,31,INFO,Detected tags: 4 -> X: 0.126, Y: 0.185, Z: 7.116
2025-12-03 22:35:44,logger,31,INFO,Detected tags: 4 -> X: 0.126, Y: 0.185, Z: 7.116
2025-12-03 22:35:44,logger,31,INFO,Detected tags: 4 -> X: 0.129, Y: 0.185, Z: 7.100
2025-12-03 22:35:44,logger,31,INFO,Detected tags: 4 -> X: 0.129, Y: 0.185, Z: 7.100
2025-12-03 22:35:44,logger,31,INFO,Detected tags: 4 -> X: 0.135, Y: 0.193, Z: 7.331
2025-12-03 22:35:44,logger,31,INFO,Detected tags: 4 -> X: 0.135, Y: 0.193, Z: 7.331
2025-12-03 22:35:45,logger,31,INFO,Detected tags: 4 -> X: 0.136, Y: 0.188, Z: 7.203
2025-12-03 22:35:45,logger,31,INFO,Detected tags: 4 -> X: 0.136, Y: 0.188, Z: 7.203
2025-12-03 22:35:45,logger,31,INFO,Detected tags: 4 -> X: 0.140, Y: 0.192, Z: 7.203
2025-12-03 22:35:45,logger,31,INFO,Detected tags: 4 -> X: 0.140, Y: 0.192, Z: 7.203
2025-12-03 22:35:45,logger,31,INFO,Detected tags: 4 -> X: 0.139, Y: 0.189, Z: 7.153
2025-12-03 22:35:45,logger,31,INFO,Detected tags: 4 -> X: 0.139, Y: 0.189, Z: 7.153
2025-12-03 22:35:45,logger,31,INFO,Detected tags: 4 -> X: 0.147, Y: 0.189, Z: 7.461
2025-12-03 22:35:45,logger,31,INFO,Detected tags: 4 -> X: 0.147, Y: 0.189, Z: 7.461
2025-12-03 22:35:45,logger,31,INFO,Detected tags: 4 -> X: 0.144, Y: 0.186, Z: 7.304
2025-12-03 22:35:45,logger,31,INFO,Detected tags: 4 -> X: 0.144, Y: 0.186, Z: 7.304
2025-12-03 22:35:45,logger,31,INFO,Detected tags: 4 -> X: 0.143, Y: 0.187, Z: 7.327
2025-12-03 22:35:45,logger,31,INFO,Detected tags: 4 -> X: 0.143, Y: 0.187, Z: 7.327
2025-12-03 22:35:45,logger,31,INFO,Detected tags: 4 -> X: 0.146, Y: 0.181, Z: 7.336
2025-12-03 22:35:45,logger,31,INFO,Detected tags: 4 -> X: 0.146, Y: 0.181, Z: 7.336
2025-12-03 22:35:45,logger,31,INFO,Detected tags: 4 -> X: 0.148, Y: 0.171, Z: 7.363
2025-12-03 22:35:45,logger,31,INFO,Detected tags: 4 -> X: 0.148, Y: 0.171, Z: 7.363
2025-12-03 22:35:45,logger,31,INFO,Detected tags: 4 -> X: 0.155, Y: 0.164, Z: 7.533
2025-12-03 22:35:45,logger,31,INFO,Detected tags: 4 -> X: 0.155, Y: 0.164, Z: 7.533
2025-12-03 22:35:45,logger,31,INFO,Detected tags: 4 -> X: 0.156, Y: 0.158, Z: 7.590
2025-12-03 22:35:45,logger,31,INFO,Detected tags: 4 -> X: 0.156, Y: 0.158, Z: 7.590
2025-12-03 22:35:45,logger,31,INFO,Detected tags: 4 -> X: 0.152, Y: 0.151, Z: 7.520
2025-12-03 22:35:45,logger,31,INFO,Detected tags: 4 -> X: 0.152, Y: 0.151, Z: 7.520
2025-12-03 22:35:45,logger,31,INFO,Detected tags: 4 -> X: 0.150, Y: 0.150, Z: 7.540
2025-12-03 22:35:45,logger,31,INFO,Detected tags: 4 -> X: 0.150, Y: 0.150, Z: 7.540
2025-12-03 22:35:45,logger,31,INFO,Detected tags: 4 -> X: 0.153, Y: 0.152, Z: 7.548
2025-12-03 22:35:45,logger,31,INFO,Detected tags: 4 -> X: 0.153, Y: 0.152, Z: 7.548
2025-12-03 22:35:45,logger,31,INFO,Detected tags: 4 -> X: 0.152, Y: 0.148, Z: 7.563
2025-12-03 22:35:45,logger,31,INFO,Detected tags: 4 -> X: 0.152, Y: 0.148, Z: 7.563
2025-12-03 22:35:45,logger,31,INFO,Detected tags: 4 -> X: 0.150, Y: 0.144, Z: 7.543
2025-12-03 22:35:45,logger,31,INFO,Detected tags: 4 -> X: 0.150, Y: 0.144, Z: 7.543
2025-12-03 22:35:46,logger,31,INFO,Detected tags: 4 -> X: 0.152, Y: 0.142, Z: 7.624
2025-12-03 22:35:46,logger,31,INFO,Detected tags: 4 -> X: 0.152, Y: 0.142, Z: 7.624
2025-12-03 22:35:46,logger,31,INFO,Detected tags: 4 -> X: 0.146, Y: 0.134, Z: 7.568
2025-12-03 22:35:46,logger,31,INFO,Detected tags: 4 -> X: 0.146, Y: 0.134, Z: 7.568
2025-12-03 22:35:46,logger,31,INFO,Detected tags: 4 -> X: 0.147, Y: 0.138, Z: 7.674
2025-12-03 22:35:46,logger,31,INFO,Detected tags: 4 -> X: 0.147, Y: 0.138, Z: 7.674
2025-12-03 22:35:46,logger,31,INFO,Detected tags: 4 -> X: 0.142, Y: 0.136, Z: 7.575
2025-12-03 22:35:46,logger,31,INFO,Detected tags: 4 -> X: 0.142, Y: 0.136, Z: 7.575
2025-12-03 22:35:46,logger,31,INFO,Detected tags: 4 -> X: 0.142, Y: 0.133, Z: 7.540
2025-12-03 22:35:46,logger,31,INFO,Detected tags: 4 -> X: 0.142, Y: 0.133, Z: 7.540
2025-12-03 22:35:46,logger,31,INFO,Detected tags: 4 -> X: 0.141, Y: 0.133, Z: 7.538
2025-12-03 22:35:46,logger,31,INFO,Detected tags: 4 -> X: 0.141, Y: 0.133, Z: 7.538
2025-12-03 22:35:46,logger,31,INFO,Detected tags: 4 -> X: 0.142, Y: 0.137, Z: 7.572
2025-12-03 22:35:46,logger,31,INFO,Detected tags: 4 -> X: 0.142, Y: 0.137, Z: 7.572
2025-12-03 22:35:46,logger,31,INFO,Detected tags: 4 -> X: 0.142, Y: 0.138, Z: 7.504
2025-12-03 22:35:46,logger,31,INFO,Detected tags: 4 -> X: 0.142, Y: 0.138, Z: 7.504
2025-12-03 22:35:46,logger,31,INFO,Detected tags: 4 -> X: 0.146, Y: 0.148, Z: 7.768
2025-12-03 22:35:46,logger,31,INFO,Detected tags: 4 -> X: 0.146, Y: 0.148, Z: 7.768
2025-12-03 22:35:46,logger,31,INFO,Detected tags: 4 -> X: 0.145, Y: 0.155, Z: 7.835
2025-12-03 22:35:46,logger,31,INFO,Detected tags: 4 -> X: 0.145, Y: 0.155, Z: 7.835
2025-12-03 22:35:46,logger,31,INFO,Detected tags: 4 -> X: 0.138, Y: 0.155, Z: 7.668
2025-12-03 22:35:46,logger,31,INFO,Detected tags: 4 -> X: 0.138, Y: 0.155, Z: 7.668
2025-12-03 22:35:46,logger,31,INFO,Detected tags: 4 -> X: 0.136, Y: 0.161, Z: 7.542
2025-12-03 22:35:46,logger,31,INFO,Detected tags: 4 -> X: 0.136, Y: 0.161, Z: 7.542
2025-12-03 22:35:46,logger,31,INFO,Detected tags: 4 -> X: 0.136, Y: 0.161, Z: 7.542
2025-12-03 22:35:46,logger,31,INFO,Detected tags: 4 -> X: 0.137, Y: 0.163, Z: 7.545
2025-12-03 22:35:46,logger,31,INFO,Detected tags: 4 -> X: 0.137, Y: 0.163, Z: 7.545
2025-12-03 22:35:46,logger,31,INFO,Detected tags: 4 -> X: 0.135, Y: 0.165, Z: 7.544
2025-12-03 22:35:46,logger,31,INFO,Detected tags: 4 -> X: 0.132, Y: 0.178, Z: 7.660
2025-12-03 22:35:46,logger,31,INFO,Detected tags: 4 -> X: 0.132, Y: 0.178, Z: 7.660
2025-12-03 22:35:47,logger,31,INFO,Detected tags: 4 -> X: 0.129, Y: 0.178, Z: 7.609
2025-12-03 22:35:47,logger,31,INFO,Detected tags: 4 -> X: 0.129, Y: 0.178, Z: 7.609
2025-12-03 22:35:47,logger,31,INFO,Detected tags: 4 -> X: 0.122, Y: 0.178, Z: 7.583
2025-12-03 22:35:47,logger,31,INFO,Detected tags: 4 -> X: 0.122, Y: 0.178, Z: 7.583
2025-12-03 22:35:47,logger,31,INFO,Detected tags: 4 -> X: 0.122, Y: 0.178, Z: 7.583
2025-12-03 22:35:47,logger,31,INFO,Detected tags: 4 -> X: 0.120, Y: 0.178, Z: 7.567
2025-12-03 22:35:47,logger,31,INFO,Detected tags: 4 -> X: 0.120, Y: 0.178, Z: 7.567
2025-12-03 22:35:47,logger,34,WARNING,No tags detected
2025-12-03 22:35:47,logger,31,INFO,Detected tags: 4 -> X: 0.120, Y: 0.178, Z: 7.567
2025-12-03 22:35:47,logger,34,WARNING,No tags detected
2025-12-03 22:35:47,logger,31,INFO,Detected tags: 4 -> X: 0.120, Y: 0.178, Z: 7.567
2025-12-03 22:35:47,logger,34,WARNING,No tags detected
2025-12-03 22:35:47,logger,31,INFO,Detected tags: 4 -> X: 0.120, Y: 0.178, Z: 7.567
2025-12-03 22:35:47,logger,31,INFO,Detected tags: 4 -> X: 0.109, Y: 0.177, Z: 7.511
2025-12-03 22:35:47,logger,31,INFO,Detected tags: 4 -> X: 0.109, Y: 0.177, Z: 7.511
2025-12-03 22:35:47,logger,31,INFO,Detected tags: 4 -> X: 0.097, Y: 0.171, Z: 7.409
2025-12-03 22:35:47,logger,31,INFO,Detected tags: 4 -> X: 0.097, Y: 0.171, Z: 7.409
2025-12-03 22:35:47,logger,31,INFO,Detected tags: 4 -> X: 0.097, Y: 0.171, Z: 7.409
2025-12-03 22:35:47,logger,31,INFO,Detected tags: 4 -> X: 0.092, Y: 0.169, Z: 7.358
2025-12-03 22:35:47,logger,31,INFO,Detected tags: 4 -> X: 0.092, Y: 0.169, Z: 7.358
2025-12-03 22:35:47,logger,31,INFO,Detected tags: 4 -> X: 0.072, Y: 0.160, Z: 7.193
2025-12-03 22:35:47,logger,31,INFO,Detected tags: 4 -> X: 0.072, Y: 0.160, Z: 7.193
2025-12-03 22:35:47,logger,31,INFO,Detected tags: 4 -> X: 0.068, Y: 0.160, Z: 7.189
2025-12-03 22:35:47,logger,31,INFO,Detected tags: 4 -> X: 0.068, Y: 0.160, Z: 7.189
2025-12-03 22:35:47,logger,31,INFO,Detected tags: 4 -> X: 0.062, Y: 0.161, Z: 7.204
2025-12-03 22:35:47,logger,31,INFO,Detected tags: 4 -> X: 0.059, Y: 0.158, Z: 7.152
2025-12-03 22:35:47,logger,31,INFO,Detected tags: 4 -> X: 0.059, Y: 0.158, Z: 7.152
2025-12-03 22:35:47,logger,31,INFO,Detected tags: 4 -> X: 0.059, Y: 0.158, Z: 7.152
2025-12-03 22:35:47,logger,31,INFO,Detected tags: 4 -> X: 0.030, Y: 0.152, Z: 7.013
2025-12-03 22:35:47,logger,31,INFO,Detected tags: 4 -> X: 0.030, Y: 0.152, Z: 7.013
2025-12-03 22:35:47,logger,31,INFO,Detected tags: 4 -> X: 0.027, Y: 0.151, Z: 6.985
2025-12-03 22:35:47,logger,31,INFO,Detected tags: 4 -> X: 0.027, Y: 0.151, Z: 6.985
2025-12-03 22:35:47,logger,31,INFO,Detected tags: 4 -> X: 0.026, Y: 0.150, Z: 6.892
2025-12-03 22:35:47,logger,31,INFO,Detected tags: 4 -> X: 0.026, Y: 0.150, Z: 6.892
2025-12-03 22:35:48,logger,31,INFO,Detected tags: 4 -> X: 0.024, Y: 0.153, Z: 6.929
2025-12-03 22:35:48,logger,31,INFO,Detected tags: 4 -> X: 0.024, Y: 0.153, Z: 6.929
2025-12-03 22:35:48,logger,31,INFO,Detected tags: 4 -> X: 0.023, Y: 0.153, Z: 6.869
2025-12-03 22:35:48,logger,31,INFO,Detected tags: 4 -> X: 0.023, Y: 0.153, Z: 6.869
2025-12-03 22:35:48,logger,31,INFO,Detected tags: 4 -> X: 0.021, Y: 0.152, Z: 6.922
2025-12-03 22:35:48,logger,31,INFO,Detected tags: 4 -> X: 0.021, Y: 0.152, Z: 6.922
2025-12-03 22:35:48,logger,31,INFO,Detected tags: 4 -> X: 0.019, Y: 0.157, Z: 7.090
2025-12-03 22:35:48,logger,31,INFO,Detected tags: 4 -> X: 0.019, Y: 0.157, Z: 7.090
2025-12-03 22:35:48,logger,31,INFO,Detected tags: 4 -> X: 0.021, Y: 0.155, Z: 7.030
2025-12-03 22:35:48,logger,31,INFO,Detected tags: 4 -> X: 0.021, Y: 0.155, Z: 7.030
2025-12-03 22:35:48,logger,31,INFO,Detected tags: 4 -> X: 0.021, Y: 0.152, Z: 6.976
2025-12-03 22:35:48,logger,31,INFO,Detected tags: 4 -> X: 0.021, Y: 0.152, Z: 6.976
2025-12-03 22:35:48,logger,31,INFO,Detected tags: 4 -> X: 0.022, Y: 0.153, Z: 6.922
2025-12-03 22:35:48,logger,31,INFO,Detected tags: 4 -> X: 0.022, Y: 0.153, Z: 6.922
2025-12-03 22:35:48,logger,31,INFO,Detected tags: 4 -> X: 0.024, Y: 0.149, Z: 6.887
2025-12-03 22:35:48,logger,31,INFO,Detected tags: 4 -> X: 0.024, Y: 0.149, Z: 6.887
2025-12-03 22:35:48,logger,31,INFO,Detected tags: 4 -> X: 0.028, Y: 0.152, Z: 6.921
2025-12-03 22:35:48,logger,31,INFO,Detected tags: 4 -> X: 0.028, Y: 0.152, Z: 6.921
2025-12-03 22:35:48,logger,31,INFO,Detected tags: 4 -> X: 0.028, Y: 0.153, Z: 6.961
2025-12-03 22:35:48,logger,31,INFO,Detected tags: 4 -> X: 0.028, Y: 0.153, Z: 6.961
2025-12-03 22:35:48,logger,31,INFO,Detected tags: 4 -> X: 0.031, Y: 0.152, Z: 6.941
2025-12-03 22:35:48,logger,31,INFO,Detected tags: 4 -> X: 0.031, Y: 0.152, Z: 6.941
2025-12-03 22:35:48,logger,31,INFO,Detected tags: 4 -> X: 0.036, Y: 0.152, Z: 6.973
2025-12-03 22:35:48,logger,31,INFO,Detected tags: 4 -> X: 0.036, Y: 0.152, Z: 6.973
2025-12-03 22:35:48,logger,31,INFO,Detected tags: 4 -> X: 0.038, Y: 0.157, Z: 7.084
2025-12-03 22:35:48,logger,31,INFO,Detected tags: 4 -> X: 0.038, Y: 0.157, Z: 7.084
2025-12-03 22:35:48,logger,31,INFO,Detected tags: 4 -> X: 0.043, Y: 0.156, Z: 7.114
2025-12-03 22:35:48,logger,31,INFO,Detected tags: 4 -> X: 0.043, Y: 0.156, Z: 7.114
2025-12-03 22:35:48,logger,31,INFO,Detected tags: 4 -> X: 0.052, Y: 0.159, Z: 7.312
2025-12-03 22:35:49,logger,31,INFO,Detected tags: 4 -> X: 0.052, Y: 0.159, Z: 7.312
2025-12-03 22:35:49,logger,31,INFO,Detected tags: 4 -> X: 0.060, Y: 0.160, Z: 7.278
2025-12-03 22:35:49,logger,31,INFO,Detected tags: 4 -> X: 0.060, Y: 0.160, Z: 7.278
2025-12-03 22:35:49,logger,31,INFO,Detected tags: 4 -> X: 0.063, Y: 0.160, Z: 7.179
2025-12-03 22:35:49,logger,31,INFO,Detected tags: 4 -> X: 0.063, Y: 0.160, Z: 7.179
2025-12-03 22:35:49,logger,31,INFO,Detected tags: 4 -> X: 0.066, Y: 0.161, Z: 7.273
2025-12-03 22:35:49,logger,31,INFO,Detected tags: 4 -> X: 0.066, Y: 0.161, Z: 7.273
2025-12-03 22:35:49,logger,31,INFO,Detected tags: 4 -> X: 0.069, Y: 0.159, Z: 7.342
2025-12-03 22:35:49,logger,31,INFO,Detected tags: 4 -> X: 0.069, Y: 0.159, Z: 7.342
2025-12-03 22:35:49,logger,31,INFO,Detected tags: 4 -> X: 0.076, Y: 0.157, Z: 7.407
2025-12-03 22:35:49,logger,31,INFO,Detected tags: 4 -> X: 0.076, Y: 0.157, Z: 7.407
2025-12-03 22:35:49,logger,31,INFO,Detected tags: 4 -> X: 0.076, Y: 0.154, Z: 7.581
2025-12-03 22:35:49,logger,31,INFO,Detected tags: 4 -> X: 0.076, Y: 0.154, Z: 7.581
2025-12-03 22:35:49,logger,31,INFO,Detected tags: 4 -> X: 0.081, Y: 0.148, Z: 7.566
2025-12-03 22:35:49,logger,31,INFO,Detected tags: 4 -> X: 0.081, Y: 0.148, Z: 7.566
2025-12-03 22:35:49,logger,31,INFO,Detected tags: 4 -> X: 0.081, Y: 0.150, Z: 7.755
2025-12-03 22:35:49,logger,31,INFO,Detected tags: 4 -> X: 0.081, Y: 0.150, Z: 7.755
2025-12-03 22:35:49,logger,31,INFO,Detected tags: 4 -> X: 0.084, Y: 0.148, Z: 7.674
2025-12-03 22:35:49,logger,31,INFO,Detected tags: 4 -> X: 0.084, Y: 0.148, Z: 7.674
2025-12-03 22:35:49,logger,31,INFO,Detected tags: 4 -> X: 0.085, Y: 0.156, Z: 7.762
2025-12-03 22:35:49,logger,31,INFO,Detected tags: 4 -> X: 0.085, Y: 0.156, Z: 7.762
2025-12-03 22:35:49,logger,31,INFO,Detected tags: 4 -> X: 0.088, Y: 0.167, Z: 7.881
2025-12-03 22:35:49,logger,31,INFO,Detected tags: 4 -> X: 0.088, Y: 0.167, Z: 7.881
2025-12-03 22:35:49,logger,31,INFO,Detected tags: 4 -> X: 0.089, Y: 0.169, Z: 7.901
2025-12-03 22:35:49,logger,31,INFO,Detected tags: 4 -> X: 0.089, Y: 0.169, Z: 7.901
2025-12-03 22:35:49,logger,31,INFO,Detected tags: 4 -> X: 0.091, Y: 0.170, Z: 7.935
2025-12-03 22:35:49,logger,31,INFO,Detected tags: 4 -> X: 0.091, Y: 0.170, Z: 7.935
2025-12-03 22:35:49,logger,34,WARNING,No tags detected
2025-12-03 22:35:49,logger,31,INFO,Detected tags: 4 -> X: 0.091, Y: 0.170, Z: 7.935
2025-12-03 22:35:49,logger,34,WARNING,No tags detected
2025-12-03 22:35:49,logger,31,INFO,Detected tags: 4 -> X: 0.091, Y: 0.170, Z: 7.935
2025-12-03 22:35:49,logger,31,INFO,Detected tags: 4 -> X: 0.090, Y: 0.166, Z: 7.917
2025-12-03 22:35:50,logger,31,INFO,Detected tags: 4 -> X: 0.090, Y: 0.166, Z: 7.917
2025-12-03 22:35:50,logger,31,INFO,Detected tags: 4 -> X: 0.094, Y: 0.151, Z: 7.789
2025-12-03 22:35:50,logger,31,INFO,Detected tags: 4 -> X: 0.094, Y: 0.151, Z: 7.789
2025-12-03 22:35:50,logger,31,INFO,Detected tags: 4 -> X: 0.095, Y: 0.145, Z: 7.791
2025-12-03 22:35:50,logger,31,INFO,Detected tags: 4 -> X: 0.095, Y: 0.145, Z: 7.791
2025-12-03 22:35:50,logger,31,INFO,Detected tags: 4 -> X: 0.097, Y: 0.152, Z: 7.987
2025-12-03 22:35:50,logger,31,INFO,Detected tags: 4 -> X: 0.097, Y: 0.152, Z: 7.987
2025-12-03 22:35:50,logger,31,INFO,Detected tags: 4 -> X: 0.095, Y: 0.152, Z: 7.944
2025-12-03 22:35:50,logger,31,INFO,Detected tags: 4 -> X: 0.095, Y: 0.152, Z: 7.944
2025-12-03 22:35:50,logger,31,INFO,Detected tags: 4 -> X: 0.091, Y: 0.153, Z: 7.987
2025-12-03 22:35:50,logger,31,INFO,Detected tags: 4 -> X: 0.091, Y: 0.153, Z: 7.987
2025-12-03 22:35:50,logger,31,INFO,Detected tags: 4 -> X: 0.091, Y: 0.153, Z: 7.987
2025-12-03 22:35:50,logger,31,INFO,Detected tags: 4 -> X: 0.093, Y: 0.150, Z: 7.952
2025-12-03 22:35:50,logger,31,INFO,Detected tags: 4 -> X: 0.093, Y: 0.150, Z: 7.952
2025-12-03 22:35:50,logger,31,INFO,Detected tags: 4 -> X: 0.094, Y: 0.149, Z: 7.912
2025-12-03 22:35:50,logger,31,INFO,Detected tags: 4 -> X: 0.093, Y: 0.149, Z: 7.873
2025-12-03 22:35:50,logger,31,INFO,Detected tags: 4 -> X: 0.093, Y: 0.149, Z: 7.873
2025-12-03 22:35:50,logger,31,INFO,Detected tags: 4 -> X: 0.094, Y: 0.143, Z: 7.837
2025-12-03 22:35:50,logger,31,INFO,Detected tags: 4 -> X: 0.094, Y: 0.143, Z: 7.837
2025-12-03 22:35:50,logger,31,INFO,Detected tags: 4 -> X: 0.095, Y: 0.144, Z: 7.985
2025-12-03 22:35:50,logger,31,INFO,Detected tags: 4 -> X: 0.095, Y: 0.144, Z: 7.985
2025-12-03 22:35:50,logger,31,INFO,Detected tags: 4 -> X: 0.095, Y: 0.144, Z: 7.985
2025-12-03 22:35:50,logger,31,INFO,Detected tags: 4 -> X: 0.099, Y: 0.145, Z: 8.157
2025-12-03 22:35:50,logger,31,INFO,Detected tags: 4 -> X: 0.099, Y: 0.145, Z: 8.157
2025-12-03 22:35:50,logger,31,INFO,Detected tags: 4 -> X: 0.095, Y: 0.140, Z: 7.983
2025-12-03 22:35:50,logger,31,INFO,Detected tags: 4 -> X: 0.095, Y: 0.140, Z: 7.983
2025-12-03 22:35:50,logger,31,INFO,Detected tags: 4 -> X: 0.096, Y: 0.139, Z: 8.007
2025-12-03 22:35:50,logger,31,INFO,Detected tags: 4 -> X: 0.098, Y: 0.138, Z: 7.971
2025-12-03 22:35:50,logger,31,INFO,Detected tags: 4 -> X: 0.098, Y: 0.138, Z: 7.971
2025-12-03 22:35:51,logger,31,INFO,Detected tags: 4 -> X: 0.103, Y: 0.136, Z: 7.987
2025-12-03 22:35:51,logger,31,INFO,Detected tags: 4 -> X: 0.103, Y: 0.136, Z: 7.987
2025-12-03 22:35:51,logger,31,INFO,Detected tags: 4 -> X: 0.103, Y: 0.136, Z: 7.987
2025-12-03 22:35:51,logger,31,INFO,Detected tags: 4 -> X: 0.104, Y: 0.137, Z: 8.013
2025-12-03 22:35:51,logger,31,INFO,Detected tags: 4 -> X: 0.104, Y: 0.137, Z: 8.013
2025-12-03 22:35:51,logger,31,INFO,Detected tags: 4 -> X: 0.103, Y: 0.137, Z: 7.956
2025-12-03 22:35:51,logger,31,INFO,Detected tags: 4 -> X: 0.103, Y: 0.137, Z: 7.956
2025-12-03 22:35:51,logger,31,INFO,Detected tags: 4 -> X: 0.109, Y: 0.134, Z: 8.100
2025-12-03 22:35:51,logger,31,INFO,Detected tags: 4 -> X: 0.109, Y: 0.134, Z: 8.100
2025-12-03 22:35:51,logger,31,INFO,Detected tags: 4 -> X: 0.108, Y: 0.135, Z: 8.111
2025-12-03 22:35:51,logger,31,INFO,Detected tags: 4 -> X: 0.109, Y: 0.136, Z: 8.111
2025-12-03 22:35:51,logger,31,INFO,Detected tags: 4 -> X: 0.109, Y: 0.136, Z: 8.111
2025-12-03 22:35:51,logger,31,INFO,Detected tags: 4 -> X: 0.109, Y: 0.136, Z: 8.111
2025-12-03 22:35:51,logger,31,INFO,Detected tags: 4 -> X: 0.106, Y: 0.138, Z: 8.123
2025-12-03 22:35:51,logger,31,INFO,Detected tags: 4 -> X: 0.106, Y: 0.138, Z: 8.123
2025-12-03 22:35:51,logger,31,INFO,Detected tags: 4 -> X: 0.105, Y: 0.138, Z: 8.166
2025-12-03 22:35:51,logger,31,INFO,Detected tags: 4 -> X: 0.105, Y: 0.138, Z: 8.166
2025-12-03 22:35:51,logger,31,INFO,Detected tags: 4 -> X: 0.098, Y: 0.139, Z: 8.267
2025-12-03 22:35:51,logger,31,INFO,Detected tags: 4 -> X: 0.098, Y: 0.139, Z: 8.267
2025-12-03 22:35:51,logger,31,INFO,Detected tags: 4 -> X: 0.099, Y: 0.140, Z: 8.339
2025-12-03 22:35:51,logger,31,INFO,Detected tags: 4 -> X: 0.099, Y: 0.140, Z: 8.339
2025-12-03 22:35:51,logger,31,INFO,Detected tags: 4 -> X: 0.100, Y: 0.138, Z: 8.336
2025-12-03 22:35:51,logger,31,INFO,Detected tags: 4 -> X: 0.100, Y: 0.138, Z: 8.336
2025-12-03 22:35:51,logger,31,INFO,Detected tags: 4 -> X: 0.100, Y: 0.142, Z: 8.564
2025-12-03 22:35:51,logger,31,INFO,Detected tags: 4 -> X: 0.100, Y: 0.142, Z: 8.564
2025-12-03 22:35:51,logger,31,INFO,Detected tags: 4 -> X: 0.101, Y: 0.135, Z: 8.332
2025-12-03 22:35:51,logger,31,INFO,Detected tags: 4 -> X: 0.101, Y: 0.135, Z: 8.332
2025-12-03 22:35:51,logger,31,INFO,Detected tags: 4 -> X: 0.104, Y: 0.134, Z: 8.313
2025-12-03 22:35:51,logger,31,INFO,Detected tags: 4 -> X: 0.104, Y: 0.134, Z: 8.313
2025-12-03 22:35:51,logger,31,INFO,Detected tags: 4 -> X: 0.106, Y: 0.134, Z: 8.378
2025-12-03 22:35:51,logger,31,INFO,Detected tags: 4 -> X: 0.106, Y: 0.134, Z: 8.378
2025-12-03 22:35:52,logger,31,INFO,Detected tags: 4 -> X: 0.107, Y: 0.136, Z: 8.438
2025-12-03 22:35:52,logger,31,INFO,Detected tags: 4 -> X: 0.107, Y: 0.136, Z: 8.438
2025-12-03 22:35:52,logger,31,INFO,Detected tags: 4 -> X: 0.109, Y: 0.138, Z: 8.493
